ID;R;G;B;x;y;Y;S380;S384;S388;S392;S396;S400;S404;S408;S412;S416;S420;S424;S428;S432;S436;S440;S444;S448;S452;S456;S460;S464;S468;S472;S476;S480;S484;S488;S492;S496;S500;S504;S508;S512;S516;S520;S524;S528;S532;S536;S540;S544;S548;S552;S556;S560;S564;S568;S572;S576;S580;S584;S588;S592;S596;S600;S604;S608;S612;S616;S620;S624;S628;S632;S636;S640;S644;S648;S652;S656;S660;S664;S668;S672;S676;S680;S684;S688;S692;S696;S700;S704;S708;S712;S716;S720;S724;S728;S732;S736;S740;S744;S748;S752;S756;S760;S764;S768;S772;S776;S780
M[0,0];0;0;0;0.281;0.2579;9.2013;5.5415e-06;2.5603e-06;2.0416e-06;7.6605e-07;1.1024e-06;6.8554e-07;1.08e-06;9.065e-07;1.1923e-06;4.4083e-07;2.1753e-06;1.7063e-06;1.9483e-06;2.2777e-06;2.6216e-06;3.7906e-06;2.4527e-06;3.5874e-06;3.8349e-06;1.0116e-05;1.0017e-05;1.3228e-05;3.0156e-05;9.6709e-05;0.00018634;0.00018431;0.00013667;7.62e-05;3.7688e-05;3.1423e-05;2.7664e-05;2.6293e-05;3.0087e-05;3.4388e-05;4.1585e-05;4.4892e-05;5.0283e-05;5.6833e-05;6.3538e-05;6.7374e-05;7.3338e-05;8.0778e-05;8.7133e-05;9.1971e-05;0.00010071;0.00011293;0.00012332;0.00013177;0.00013907;0.00014696;0.00015868;0.00017318;0.00019659;0.00025616;0.00064895;0.0013628;0.001532;0.0012377;0.00068474;0.00027893;0.00020884;0.00020918;0.00020491;0.00020714;0.00020683;0.00020514;0.0002037;0.00019677;0.00019576;0.00019353;0.00019267;0.0001922;0.00018673;0.00018259;0.00018032;0.00017532;0.00017015;0.00016675;0.00016193;0.00016035;0.0001533;0.00015205;0.00014648;0.00014285;0.00013777;0.00013602;0.00013234;0.00012835;0.00012092;0.00011531;0.0001111;0.00010807;0.00010293;0.00010023;9.4521e-05;8.8453e-05;8.495e-05;8.2871e-05;8.0407e-05;8.1251e-05;8.4417e-05;9.3169e-05;0.00011142;0.00014536;0.00019172;0.00024338;0.00028571;0.00031149;0.00031225;0.00030166;0.00028163;0.00025925;0.00023272;0.00021051;0.0001882;0.0001688;0.0001538;0.00014136;0.00012518;0.0001051;8.292e-05;6.4332e-05;5.0012e-05;4.1746e-05;3.6686e-05;3.1605e-05;2.9167e-05;2.5945e-05;2.39e-05;2.356e-05;2.3908e-05;2.2437e-05;2.2032e-05;2.1121e-05;2.0319e-05;2.02e-05;1.8302e-05;1.7465e-05;1.7324e-05;1.5612e-05;1.6319e-05;1.4334e-05;1.4243e-05;1.3746e-05;1.2927e-05;1.4394e-05;1.3994e-05;1.3589e-05;1.2502e-05;1.4248e-05;1.4085e-05;1.6801e-05;2.1768e-05;2.7456e-05;3.1127e-05;3.4008e-05;4.2702e-05;6.4253e-05;0.0001009;0.0001607;0.00026975;0.00045362;0.00065052;0.00079227;0.00086954;0.00085898;0.00074007;0.00055938;0.00038403;0.00026314;0.00021242;0.00018578;0.0001578;0.00012635;9.2677e-05;6.1517e-05;3.9824e-05;2.8229e-05;2.201e-05;1.9253e-05;1.7385e-05;1.6022e-05;1.5282e-05;1.4158e-05;1.4325e-05;1.245e-05;1.1873e-05;1.2218e-05;1.2527e-05;1.2258e-05;1.2608e-05;1.2869e-05;1.4787e-05;1.631e-05;2.0064e-05;3.1465e-05;4.9553e-05;6.8218e-05;8.6461e-05;0.00010306;0.00011536;0.00012572;0.00014044;0.00015356;0.00015998;0.00016292;0.00017351;0.00018273;0.00017685;0.00015518;0.00013186;0.00011629;0.00011474;0.00010906;9.4084e-05;7.1933e-05;5.5539e-05;5.1348e-05;5.6025e-05;6.1098e-05;5.8796e-05;5.0915e-05;4.057e-05;3.3887e-05;3.1379e-05;3.4018e-05;3.8761e-05;5.4141e-05;9.986e-05;0.00022382;0.00041359;0.00057251;0.00058947;0.00048447;0.00034329;0.00023281;0.00016643;0.00012763;0.00010865;0.00010579;0.00010794;0.00010794;0.00010321;9.4282e-05;8.4225e-05;7.5466e-05;6.7922e-05;6.4096e-05;6.6123e-05;7.6814e-05;8.9979e-05;9.0832e-05;7.681e-05;5.3894e-05;3.4386e-05;2.2973e-05;1.9736e-05;1.7497e-05;1.6493e-05;1.5985e-05;1.5414e-05;1.5854e-05;1.6884e-05;1.6948e-05;1.7468e-05;1.6694e-05;1.7846e-05;1.7463e-05;2.077e-05;2.6389e-05;2.9595e-05;3.2217e-05;2.8305e-05;2.3634e-05;1.9057e-05;1.6395e-05;1.476e-05;1.222e-05;1.26e-05;1.2781e-05;1.3756e-05;1.606e-05;2.1116e-05;2.0961e-05;1.9569e-05;1.7442e-05;1.4902e-05;1.5911e-05;1.7215e-05;1.6769e-05;1.6405e-05;1.499e-05;1.5048e-05;1.531e-05;1.4832e-05;1.5436e-05;1.4799e-05;1.685e-05;1.8342e-05;1.897e-05;1.9911e-05;1.997e-05;2.0099e-05;1.9689e-05;1.8737e-05;2.0988e-05;2.5023e-05;3.1457e-05;3.2866e-05;2.936e-05;2.4776e-05;2.1975e-05;2.6671e-05;3.1141e-05;3.0932e-05;2.857e-05;2.4424e-05;2.0459e-05;2.1204e-05;2.2115e-05;2.3149e-05;2.6294e-05;3.0852e-05;3.8364e-05;5.5174e-05;9.0414e-05;0.00013602;0.00018165;0.00020775;0.00020273;0.00018159;0.00018073;0.00017685;0.0001518;0.00010899;6.4427e-05;4.0317e-05;3.3031e-05;3.0905e-05;3.0013e-05;2.9913e-05;3.2296e-05;3.3272e-05;3.3022e-05;3.0214e-05;3.0409e-05;3.1364e-05;3.0416e-05;3.4561e-05;3.474e-05;3.5492e-05;3.6028e-05;3.6699e-05;3.9905e-05;3.9053e-05;3.7885e-05;3.8651e-05;4.0651e-05;3.9626e-05;4.2041e-05;4.4279e-05;4.8864e-05;5.3424e-05;5.6945e-05;5.2803e-05;4.938e-05;4.9978e-05;4.9563e-05;4.7303e-05;4.357e-05;4.7863e-05;4.7785e-05;4.6602e-05;4.6954e-05;4.8006e-05;4.577e-05;5.0688e-05;5.2692e-05;5.7171e-05;6.4619e-05;6.19e-05;4.6479e-05;3.29e-05;2.5342e-05;2.3031e-05;2.8065e-05;3.1913e-05;4.0026e-05;5.0479e-05;5.6737e-05;5.559e-05;5.058e-05;5.4861e-05;5.4716e-05;5.5595e-05;5.6548e-05;5.1795e-05;5.5451e-05;5.8328e-05;6.0982e-05;5.6398e-05
M[0,1];0;0;0;0.2884;0.2673;8.8512;1.8664e-06;1.4488e-06;2.9292e-06;1.8317e-08;2.4128e-06;1.5394e-06;1.1689e-06;1.4919e-06;2.2513e-07;8.5906e-07;3.2353e-06;2.8995e-06;0.0;6.2719e-07;1.3708e-06;1.4262e-06;1.2798e-06;2.1625e-06;5.1684e-06;5.5339e-06;7.3021e-06;1.1148e-05;2.5869e-05;8.0889e-05;0.00014827;0.0001518;0.00011499;6.3887e-05;3.1491e-05;2.5754e-05;2.3415e-05;2.3162e-05;2.8682e-05;3.2062e-05;3.5878e-05;3.9183e-05;4.6288e-05;5.3477e-05;5.5749e-05;5.961e-05;6.6314e-05;7.5793e-05;7.6098e-05;8.421e-05;9.3546e-05;0.00010302;0.00010905;0.00011762;0.0001258;0.00013129;0.00014118;0.00015432;0.00017552;0.00022618;0.00056409;0.0011765;0.0013239;0.0010716;0.00059448;0.00024677;0.00018715;0.00018424;0.00018654;0.00018589;0.00018747;0.00018455;0.00018367;0.00018092;0.00017608;0.00017534;0.00017588;0.00017451;0.00016835;0.00016691;0.00016243;0.00016146;0.00015763;0.00015432;0.00015007;0.00014603;0.00014123;0.000138;0.00013555;0.00013132;0.0001283;0.00012492;0.0001226;0.00011983;0.00011397;0.00010764;0.00010324;0.00010133;9.6217e-05;9.4214e-05;8.9511e-05;8.5837e-05;8.1621e-05;7.7589e-05;7.7172e-05;7.7236e-05;8.0138e-05;8.7833e-05;0.00010562;0.00013303;0.0001768;0.00022238;0.00025984;0.00028696;0.00028572;0.00027528;0.00025703;0.00023678;0.00021534;0.00019452;0.0001747;0.00015731;0.00014398;0.00013152;0.00011712;9.9832e-05;7.8508e-05;6.2198e-05;5.0156e-05;4.1052e-05;3.639e-05;3.1588e-05;2.9941e-05;2.748e-05;2.5486e-05;2.4735e-05;2.4928e-05;2.4725e-05;2.3881e-05;2.2116e-05;2.1921e-05;2.0501e-05;1.9807e-05;1.8757e-05;1.7754e-05;1.7224e-05;1.7185e-05;1.669e-05;1.5418e-05;1.5594e-05;1.6134e-05;1.5503e-05;1.5046e-05;1.5338e-05;1.4302e-05;1.5355e-05;1.6942e-05;1.8195e-05;2.2697e-05;2.7831e-05;3.2442e-05;3.5644e-05;4.2194e-05;6.2336e-05;9.6428e-05;0.00015088;0.00025365;0.00042383;0.0006107;0.00074649;0.00081195;0.00080319;0.00069198;0.00052341;0.00035939;0.00025077;0.00020335;0.00017635;0.00015146;0.00012334;8.9144e-05;6.0938e-05;4.0945e-05;2.8928e-05;2.222e-05;2.0818e-05;1.8583e-05;1.7831e-05;1.6958e-05;1.5446e-05;1.5394e-05;1.4291e-05;1.3585e-05;1.3641e-05;1.2616e-05;1.3826e-05;1.441e-05;1.5122e-05;1.6983e-05;1.8154e-05;2.2037e-05;3.3012e-05;4.9696e-05;6.7003e-05;8.4371e-05;0.00010053;0.00011437;0.00012432;0.00013733;0.00015016;0.00015641;0.00016133;0.00017013;0.00017909;0.00017341;0.00015244;0.00012894;0.00011397;0.00011244;0.0001077;9.2996e-05;7.3181e-05;5.7469e-05;5.1782e-05;5.6076e-05;6.0524e-05;5.9677e-05;5.2094e-05;4.1787e-05;3.5109e-05;3.3324e-05;3.6043e-05;4.0578e-05;5.4634e-05;9.7941e-05;0.0002178;0.00040258;0.00055791;0.00057989;0.00047415;0.00033573;0.00022628;0.00016293;0.00012514;0.00010794;0.00010287;0.00010708;0.00010729;0.00010164;9.2481e-05;8.3484e-05;7.5306e-05;6.9495e-05;6.4484e-05;6.6823e-05;7.5264e-05;8.9323e-05;9.1379e-05;7.7274e-05;5.4979e-05;3.4937e-05;2.399e-05;2.0458e-05;1.9383e-05;1.7738e-05;1.6761e-05;1.6713e-05;1.6403e-05;1.7437e-05;1.7767e-05;1.8657e-05;1.8865e-05;1.8342e-05;1.9272e-05;2.2402e-05;2.5842e-05;3.1139e-05;3.1823e-05;2.9465e-05;2.5418e-05;2.0009e-05;1.7857e-05;1.6172e-05;1.5029e-05;1.5318e-05;1.445e-05;1.5868e-05;1.7867e-05;2.1769e-05;2.3131e-05;2.0737e-05;1.9107e-05;1.7863e-05;1.7628e-05;1.8401e-05;1.7422e-05;1.7869e-05;1.6873e-05;1.6257e-05;1.6469e-05;1.7336e-05;1.7362e-05;1.7607e-05;1.9474e-05;1.8948e-05;2.0995e-05;2.1799e-05;2.1586e-05;2.263e-05;2.0947e-05;2.0728e-05;2.2308e-05;2.7298e-05;3.2807e-05;3.3584e-05;3.0104e-05;2.5891e-05;2.3238e-05;2.8201e-05;3.4009e-05;3.4666e-05;3.1176e-05;2.7142e-05;2.35e-05;2.342e-05;2.3761e-05;2.4702e-05;2.8037e-05;3.3981e-05;4.0733e-05;5.7453e-05;9.0419e-05;0.00013325;0.00017429;0.00020186;0.00019251;0.0001755;0.00017475;0.00017116;0.00014682;0.00010626;6.6561e-05;4.2738e-05;3.6167e-05;3.3185e-05;3.0064e-05;3.1893e-05;3.5294e-05;3.5374e-05;3.3271e-05;3.3133e-05;3.4635e-05;3.4101e-05;3.4117e-05;3.3976e-05;3.6215e-05;3.6536e-05;4.0043e-05;3.9744e-05;4.0863e-05;3.9103e-05;4.4445e-05;4.3878e-05;4.4961e-05;4.3685e-05;4.6725e-05;4.7667e-05;5.3068e-05;5.4715e-05;5.5958e-05;5.5291e-05;5.178e-05;5.5208e-05;5.6038e-05;5.4532e-05;5.3771e-05;5.3138e-05;5.343e-05;5.3133e-05;5.1399e-05;5.2427e-05;5.5383e-05;5.1062e-05;5.5703e-05;5.9815e-05;6.2113e-05;5.9814e-05;4.4783e-05;2.6674e-05;2.2078e-05;2.5266e-05;2.708e-05;4.0923e-05;4.4055e-05;4.851e-05;5.2366e-05;6.2937e-05;6.3053e-05;6.2295e-05;6.2312e-05;6.0803e-05;5.4324e-05;5.7714e-05;5.6538e-05;5.8579e-05;5.9719e-05;5.8422e-05
M[0,2];0;0;0;0.2904;0.2754;11.058;0.0;0.0;1.9555e-06;2.916e-06;7.5427e-07;3.1376e-06;3.5315e-06;0.0;2.3738e-06;6.3459e-07;2.9705e-08;2.2896e-07;1.7632e-06;3.2828e-06;1.1329e-06;1.0974e-06;4.9045e-06;3.8854e-06;6.4755e-06;5.8791e-06;8.9591e-06;1.5796e-05;3.0473e-05;8.897e-05;0.00016582;0.0001692;0.00012589;6.8043e-05;3.8081e-05;3.0021e-05;2.7397e-05;2.644e-05;3.1805e-05;3.4885e-05;4.0619e-05;4.7438e-05;5.1239e-05;5.8492e-05;6.3048e-05;6.6897e-05;7.5712e-05;8.4428e-05;8.9646e-05;9.8797e-05;0.00010333;0.00011472;0.00012882;0.0001393;0.00014567;0.00014973;0.00016354;0.00017733;0.00020463;0.00026184;0.0006517;0.0013588;0.0015415;0.0012541;0.00069446;0.00028803;0.00021904;0.00021744;0.00021852;0.00022072;0.00022037;0.00021839;0.00021683;0.00021241;0.00021315;0.00021037;0.00020809;0.00020529;0.00020362;0.00019806;0.00019652;0.00019204;0.00018793;0.00018536;0.00018106;0.00017591;0.0001694;0.0001673;0.0001633;0.00015989;0.00015529;0.00015051;0.00014663;0.00014475;0.0001384;0.00013166;0.00012868;0.00012314;0.00011922;0.00011574;0.00011001;0.0001047;9.9456e-05;9.5983e-05;9.3598e-05;9.5269e-05;9.8631e-05;0.00010847;0.0001295;0.00016879;0.00021969;0.00027707;0.00032654;0.00035482;0.00036104;0.00034799;0.00032565;0.00029804;0.00027059;0.00024488;0.00022014;0.00019982;0.00018103;0.00016737;0.00014707;0.00012488;9.9935e-05;7.8405e-05;6.3294e-05;5.2284e-05;4.5971e-05;4.0575e-05;3.6072e-05;3.4213e-05;3.2752e-05;3.1496e-05;3.2268e-05;3.084e-05;2.9575e-05;2.9201e-05;2.7709e-05;2.6459e-05;2.5678e-05;2.397e-05;2.1632e-05;2.2568e-05;2.1429e-05;2.1411e-05;2.0395e-05;1.9677e-05;1.832e-05;1.891e-05;1.7902e-05;1.769e-05;1.9162e-05;1.9188e-05;1.9452e-05;2.2493e-05;2.9507e-05;3.5701e-05;4.1133e-05;4.5682e-05;5.4145e-05;7.8126e-05;0.00012087;0.00018908;0.00032078;0.00053465;0.00077066;0.00094143;0.0010279;0.0010195;0.00088016;0.00066122;0.00045718;0.00031614;0.00025785;0.0002248;0.00019127;0.00015378;0.00011404;7.6485e-05;4.9918e-05;3.6398e-05;2.9835e-05;2.5151e-05;2.3746e-05;2.1525e-05;2.1013e-05;1.9336e-05;1.8179e-05;1.7892e-05;1.6928e-05;1.7022e-05;1.8201e-05;1.7486e-05;1.7657e-05;1.8205e-05;2.0003e-05;2.2331e-05;2.7621e-05;4.1446e-05;6.2e-05;8.2517e-05;0.00010527;0.00012596;0.00013988;0.00015278;0.00016856;0.00018544;0.00019327;0.00019833;0.0002099;0.0002208;0.00021384;0.00018768;0.0001578;0.00014138;0.00013841;0.00013318;0.00011421;8.8916e-05;7.0235e-05;6.372e-05;6.8516e-05;7.5622e-05;7.4414e-05;6.314e-05;5.1001e-05;4.2713e-05;4.0362e-05;4.2887e-05;5.0425e-05;6.7258e-05;0.00011981;0.00026735;0.00049506;0.00068154;0.00070711;0.00058151;0.00041192;0.00027866;0.0002011;0.00015515;0.00013271;0.00012773;0.00013132;0.00012991;0.00012378;0.00011394;0.00010167;9.2509e-05;8.3705e-05;7.8398e-05;8.0647e-05;9.3129e-05;0.00010939;0.00011224;9.3764e-05;6.6552e-05;4.2041e-05;2.9777e-05;2.486e-05;2.2297e-05;2.1757e-05;2.0514e-05;2.1281e-05;2.0714e-05;2.0356e-05;2.218e-05;2.2923e-05;2.3459e-05;2.3653e-05;2.3494e-05;2.7058e-05;3.1458e-05;3.8346e-05;3.9583e-05;3.5024e-05;3.0367e-05;2.4548e-05;2.0645e-05;1.9113e-05;1.7438e-05;1.7383e-05;1.7463e-05;1.7955e-05;2.0177e-05;2.6421e-05;2.7981e-05;2.6266e-05;2.4261e-05;2.1886e-05;2.1204e-05;2.1797e-05;2.2219e-05;2.0374e-05;2.0906e-05;2.0461e-05;2.0587e-05;1.989e-05;1.9759e-05;2.1778e-05;2.2278e-05;2.4425e-05;2.525e-05;2.6324e-05;2.586e-05;2.6264e-05;2.5364e-05;2.46e-05;2.6546e-05;3.2875e-05;3.8663e-05;4.1222e-05;3.675e-05;3.1366e-05;2.9087e-05;3.2014e-05;3.9451e-05;4.2017e-05;3.7477e-05;3.2369e-05;2.8278e-05;2.7484e-05;2.9387e-05;3.0369e-05;3.2734e-05;3.7765e-05;4.7649e-05;6.7583e-05;0.00010641;0.00015714;0.00020341;0.00023466;0.00022829;0.00020674;0.0001995;0.00019597;0.00017054;0.00012399;7.6491e-05;4.9855e-05;4.1372e-05;3.611e-05;3.4129e-05;3.3623e-05;3.8018e-05;3.9357e-05;3.9823e-05;3.8466e-05;3.6482e-05;3.8196e-05;3.7988e-05;3.9671e-05;3.8119e-05;3.9123e-05;4.0451e-05;4.4804e-05;4.5953e-05;4.6094e-05;4.9412e-05;4.7086e-05;4.8317e-05;4.8598e-05;5.1496e-05;5.3486e-05;5.5876e-05;6.0977e-05;6.3778e-05;6.0769e-05;6.0793e-05;5.8287e-05;5.7473e-05;5.6367e-05;5.5232e-05;5.7277e-05;5.7418e-05;5.502e-05;5.5721e-05;5.7846e-05;5.8681e-05;5.6989e-05;6.2542e-05;6.4227e-05;6.6302e-05;6.2647e-05;4.9229e-05;3.5048e-05;2.0212e-05;2.0804e-05;2.5068e-05;3.6129e-05;4.395e-05;5.1703e-05;6.3302e-05;6.8325e-05;6.5465e-05;6.6786e-05;6.1251e-05;5.994e-05;6.3978e-05;6.072e-05;6.4142e-05;6.5635e-05;6.1998e-05;5.3607e-05
M[0,3];0;0;0;0.2864;0.2938;14.18;3.7612e-06;0.0;3.6986e-06;3.3778e-06;1.3277e-06;0.0;0.0;9.4647e-07;1.133e-06;1.6297e-06;1.7565e-06;2.0336e-06;0.0;1.8514e-06;2.0309e-06;2.2228e-06;2.7655e-06;4.7322e-06;4.2056e-06;4.7349e-06;8.0425e-06;1.1859e-05;2.5461e-05;8.1709e-05;0.00015307;0.00015196;0.00011342;6.3821e-05;3.356e-05;2.8984e-05;2.8031e-05;2.8169e-05;3.0342e-05;3.7472e-05;4.2507e-05;4.5299e-05;5.1608e-05;6.0309e-05;6.499e-05;6.9802e-05;8.0495e-05;8.5744e-05;9.7097e-05;9.9801e-05;0.00011022;0.00012473;0.00013561;0.00014776;0.00015747;0.00016533;0.00017806;0.00019474;0.00022062;0.00028495;0.00070633;0.0014729;0.0016619;0.0013511;0.0007535;0.00031842;0.00024655;0.00024504;0.00024922;0.00024974;0.00025012;0.00025172;0.00025103;0.00024714;0.00024548;0.00024791;0.00024695;0.00024476;0.00024229;0.00023696;0.00023574;0.00023272;0.00022658;0.00022407;0.00022192;0.00021596;0.00021038;0.00020468;0.00020178;0.00019961;0.00019562;0.00019056;0.00018697;0.00018437;0.00017593;0.0001699;0.00016227;0.00015856;0.00015388;0.00015079;0.00014338;0.00013815;0.00013297;0.00013015;0.00012551;0.00012796;0.00013365;0.00014779;0.00017794;0.0002288;0.0002994;0.00037862;0.00044588;0.00048877;0.00049248;0.00047689;0.00044421;0.00041188;0.00037339;0.00033838;0.00030386;0.00027427;0.00024908;0.00023142;0.00020487;0.00017334;0.00013981;0.00010964;8.8285e-05;7.4151e-05;6.4286e-05;5.797e-05;5.2956e-05;4.9489e-05;4.8995e-05;4.756e-05;4.6602e-05;4.5976e-05;4.4084e-05;4.183e-05;4.0284e-05;4.0445e-05;3.6982e-05;3.5012e-05;3.4439e-05;3.3517e-05;3.2388e-05;3.1362e-05;3.0115e-05;2.994e-05;3.0261e-05;2.8365e-05;2.8616e-05;2.8432e-05;2.8526e-05;2.8537e-05;2.9256e-05;3.3302e-05;4.1218e-05;5.0703e-05;5.6733e-05;6.1012e-05;7.5652e-05;0.00010757;0.00016533;0.00025642;0.00043278;0.00071994;0.0010357;0.0012595;0.0013767;0.0013684;0.0011778;0.00088959;0.00061257;0.00042505;0.00034472;0.00030175;0.00025744;0.00020675;0.00015179;0.00010377;6.965e-05;5.006e-05;4.0098e-05;3.4914e-05;3.1925e-05;3.0148e-05;2.8586e-05;2.65e-05;2.5674e-05;2.3996e-05;2.3026e-05;2.2216e-05;2.3307e-05;2.2378e-05;2.2912e-05;2.4741e-05;2.5987e-05;2.8816e-05;3.5303e-05;5.0997e-05;7.647e-05;0.00010216;0.00012728;0.00015184;0.00016908;0.00018318;0.00019991;0.0002195;0.00022918;0.0002317;0.00024297;0.00025523;0.00024658;0.00021717;0.00018161;0.00016383;0.00015897;0.00015154;0.00013099;0.00010191;8.0325e-05;7.4229e-05;7.8601e-05;8.4777e-05;8.4286e-05;7.223e-05;5.8235e-05;4.926e-05;4.6768e-05;4.8681e-05;5.7208e-05;7.6739e-05;0.00013627;0.00030402;0.00056253;0.00077349;0.00080337;0.00065866;0.00046857;0.00031682;0.00022818;0.00017622;0.00014945;0.00014563;0.00014913;0.00014957;0.00014134;0.00012833;0.0001167;0.00010527;9.6069e-05;8.919e-05;9.1714e-05;0.00010681;0.00012462;0.00012852;0.00010782;7.5249e-05;4.8688e-05;3.344e-05;2.8108e-05;2.6038e-05;2.5881e-05;2.4454e-05;2.4381e-05;2.3791e-05;2.4221e-05;2.4067e-05;2.7251e-05;2.7284e-05;2.7327e-05;2.6532e-05;3.0844e-05;3.6599e-05;4.3826e-05;4.6106e-05;4.1657e-05;3.4988e-05;2.7515e-05;2.3704e-05;2.1028e-05;1.9911e-05;1.9805e-05;2.0732e-05;2.1246e-05;2.4056e-05;3.1358e-05;3.2182e-05;2.9717e-05;2.6591e-05;2.5226e-05;2.6041e-05;2.4596e-05;2.4872e-05;2.4922e-05;2.3881e-05;2.3173e-05;2.4263e-05;2.3729e-05;2.4525e-05;2.4678e-05;2.5233e-05;2.8235e-05;2.8051e-05;2.9492e-05;3.1496e-05;3.0112e-05;3.0084e-05;2.7917e-05;2.9269e-05;3.5798e-05;4.2976e-05;4.5661e-05;4.1216e-05;3.503e-05;3.2447e-05;3.8936e-05;4.4682e-05;4.6789e-05;4.2157e-05;3.4837e-05;3.1525e-05;3.1e-05;3.2094e-05;3.3912e-05;3.6443e-05;4.1968e-05;5.1025e-05;7.2806e-05;0.00011399;0.00016803;0.00021657;0.00024923;0.00023794;0.0002156;0.00020997;0.00020333;0.00018074;0.00012915;8.0443e-05;5.3227e-05;4.3568e-05;3.8498e-05;3.5832e-05;3.8028e-05;4.0883e-05;3.9706e-05;3.9789e-05;4.027e-05;3.9682e-05;3.8711e-05;4.0384e-05;4.0166e-05;4.0672e-05;4.279e-05;4.4682e-05;4.5213e-05;4.5437e-05;4.7706e-05;4.9761e-05;4.8514e-05;5.1487e-05;5.0721e-05;5.0446e-05;5.1846e-05;5.7123e-05;6.2093e-05;6.4251e-05;6.324e-05;5.8416e-05;5.7993e-05;5.7477e-05;6.0418e-05;5.7704e-05;5.7229e-05;5.6092e-05;5.6882e-05;5.9071e-05;6.2349e-05;5.5447e-05;6.1787e-05;6.1612e-05;6.4662e-05;6.754e-05;5.8749e-05;4.5384e-05;3.4605e-05;2.539e-05;2.1783e-05;3.1606e-05;4.0437e-05;4.0498e-05;4.9401e-05;5.9251e-05;5.9634e-05;6.0421e-05;5.9658e-05;6.0421e-05;5.6324e-05;6.521e-05;6.4658e-05;5.9921e-05;5.5827e-05;6.4815e-05;5.7711e-05
M[0,4];0;0;0;0.2956;0.3241;23.425;3.7262e-06;1.8403e-06;7.8144e-07;3.0423e-06;0.0;0.0;0.0;4.7045e-06;1.0263e-06;8.2537e-08;2.3929e-06;1.4214e-06;8.0414e-07;1.4329e-06;4.6766e-07;1.5461e-06;2.2798e-06;2.1349e-06;4.1917e-06;5.8216e-06;9.953e-06;1.6405e-05;3.0817e-05;9.6682e-05;0.00017704;0.00018319;0.00013617;7.3653e-05;4.4348e-05;3.6415e-05;3.1537e-05;3.3127e-05;3.7785e-05;4.5993e-05;5.3647e-05;5.802e-05;6.4266e-05;7.7043e-05;8.209e-05;8.9591e-05;9.957e-05;0.00011368;0.00012271;0.00013198;0.00014441;0.00015618;0.00017334;0.00018752;0.00020097;0.00021148;0.00022568;0.00024818;0.00028295;0.00036371;0.0008925;0.001855;0.002089;0.0017117;0.00095781;0.0004107;0.00031754;0.00031912;0.00032097;0.00032753;0.00032977;0.00032986;0.00033161;0.00033069;0.00032689;0.00032908;0.00032959;0.00032902;0.00032742;0.00032404;0.00032401;0.00032025;0.00031331;0.00030967;0.00030561;0.00030023;0.00029688;0.00029246;0.00028752;0.00028228;0.0002742;0.00027455;0.00026846;0.00026382;0.00025639;0.00024568;0.00024039;0.00023481;0.00022808;0.00022457;0.000215;0.00020793;0.00020113;0.00019672;0.00019486;0.00020032;0.00020911;0.00023166;0.00028373;0.00035937;0.0004734;0.00060251;0.00071473;0.00077936;0.00079454;0.00076989;0.00072343;0.00066699;0.0006054;0.00055034;0.00049578;0.00044818;0.00041152;0.00037888;0.00033813;0.00028301;0.00022553;0.00017957;0.00014544;0.00012377;0.00010829;9.562e-05;8.8295e-05;8.2868e-05;8.0173e-05;7.8215e-05;7.806e-05;7.6883e-05;7.5838e-05;7.3327e-05;7.0494e-05;6.8985e-05;6.5979e-05;6.2663e-05;5.9374e-05;5.7983e-05;5.6804e-05;5.4726e-05;5.4639e-05;5.2722e-05;5.0566e-05;5.0369e-05;4.9262e-05;4.9623e-05;4.7529e-05;4.86e-05;4.9683e-05;5.6772e-05;7.0539e-05;8.5625e-05;9.369e-05;0.00010447;0.00012763;0.0001842;0.00028013;0.00043906;0.00073733;0.0012209;0.0017608;0.002148;0.0023378;0.0023214;0.0020058;0.0015151;0.0010517;0.00073067;0.00058723;0.00051429;0.00044145;0.00035451;0.00026199;0.00017802;0.00011824;8.6103e-05;6.8017e-05;5.9947e-05;5.3658e-05;5.075e-05;4.7871e-05;4.5439e-05;4.215e-05;3.9785e-05;3.7995e-05;3.7165e-05;3.7729e-05;3.6865e-05;3.7211e-05;3.8901e-05;4.1388e-05;4.7105e-05;5.7452e-05;8.2999e-05;0.00012391;0.00016388;0.00020563;0.00024302;0.00026925;0.00029064;0.00031824;0.00034559;0.00035963;0.00036617;0.00038419;0.00039964;0.00038545;0.00033932;0.00028371;0.00025145;0.00024854;0.00023762;0.00020354;0.00015979;0.0001246;0.00011331;0.00012259;0.0001337;0.00013175;0.0001135;9.0673e-05;7.4335e-05;7.0864e-05;7.6371e-05;8.9995e-05;0.00012168;0.00021849;0.00048729;0.00089688;0.0012394;0.0012856;0.0010585;0.00075153;0.00050847;0.00036555;0.00027952;0.00023993;0.00023135;0.00023837;0.00023879;0.00022686;0.00020486;0.00018605;0.0001691;0.00015251;0.00014379;0.00014602;0.00017032;0.00019877;0.00020405;0.00017023;0.00011983;7.643e-05;5.2119e-05;4.5724e-05;4.1768e-05;3.8503e-05;3.7727e-05;3.7068e-05;3.6598e-05;3.8319e-05;4.0488e-05;4.2592e-05;4.1797e-05;4.2075e-05;4.2501e-05;4.8827e-05;5.8085e-05;6.9283e-05;7.2963e-05;6.486e-05;5.538e-05;4.5194e-05;3.7174e-05;3.1879e-05;3.2053e-05;3.1802e-05;3.1949e-05;3.4166e-05;3.9938e-05;4.6465e-05;4.9207e-05;4.6255e-05;4.1633e-05;3.9429e-05;4.0815e-05;4.1314e-05;3.9439e-05;3.8254e-05;3.707e-05;3.7258e-05;3.5912e-05;3.7075e-05;3.6836e-05;3.8089e-05;3.9635e-05;4.1137e-05;4.3805e-05;4.5247e-05;4.5606e-05;4.611e-05;4.3201e-05;4.2647e-05;4.5962e-05;5.5676e-05;6.4784e-05;6.9201e-05;6.1041e-05;5.1175e-05;4.6848e-05;5.4449e-05;6.3427e-05;6.6894e-05;5.7991e-05;4.8314e-05;4.2956e-05;4.1459e-05;4.2304e-05;4.3752e-05;4.798e-05;5.6129e-05;6.9957e-05;9.6164e-05;0.00015037;0.00021977;0.00028508;0.00032314;0.00031138;0.00027876;0.0002711;0.00026323;0.00022704;0.00016295;9.729e-05;6.4358e-05;5.203e-05;4.5306e-05;4.276e-05;4.5395e-05;4.8533e-05;4.9411e-05;4.7918e-05;4.7385e-05;4.6567e-05;4.4649e-05;4.5257e-05;4.6943e-05;4.7769e-05;4.9633e-05;5.108e-05;5.4576e-05;5.263e-05;5.6942e-05;5.3134e-05;5.3871e-05;5.5983e-05;5.5407e-05;5.8406e-05;6.1368e-05;6.4015e-05;6.7162e-05;7.122e-05;6.5208e-05;6.5703e-05;6.5049e-05;6.6007e-05;6.2225e-05;6.2465e-05;6.345e-05;6.2146e-05;6.1389e-05;6.3346e-05;6.2506e-05;6.4138e-05;6.4271e-05;6.3236e-05;6.7993e-05;7.2622e-05;6.4968e-05;5.3557e-05;3.6507e-05;2.6181e-05;1.8747e-05;3.2241e-05;4.0759e-05;4.9975e-05;5.2712e-05;6.321e-05;6.4173e-05;6.0596e-05;6.432e-05;6.4738e-05;7.1501e-05;6.7131e-05;7.8321e-05;7.2244e-05;5.7982e-05;6.0391e-05;6.0356e-05
M[1,0];0;0;0;0.3186;0.2772;12.229;6.4736e-07;3.7823e-06;3.4722e-07;5.1099e-06;3.107e-06;1.4572e-06;1.0012e-06;2.8447e-06;0.0;1.1288e-06;0.0;2.8699e-06;3.3129e-07;9.4442e-07;2.7966e-06;1.1565e-06;2.5463e-06;3.372e-06;4.5477e-06;7.7468e-06;8.9865e-06;1.4547e-05;3.5077e-05;0.00011465;0.0002121;0.00021375;0.00015625;8.6571e-05;4.6824e-05;3.7377e-05;3.1594e-05;3.0156e-05;3.2374e-05;4.2855e-05;4.6227e-05;5.2366e-05;5.9091e-05;6.6398e-05;7.3001e-05;7.9852e-05;8.6455e-05;9.6574e-05;0.00010178;0.00010967;0.0001187;0.00013033;0.00014043;0.0001521;0.00016033;0.00016841;0.00017795;0.00019635;0.00022168;0.0002863;0.00071077;0.0015011;0.0016904;0.001369;0.00075315;0.00030667;0.00022865;0.00022513;0.00022383;0.00022384;0.00022165;0.00021887;0.00021693;0.00021261;0.00020833;0.0002056;0.00020665;0.00020132;0.00019701;0.00019277;0.00018747;0.00018473;0.00018183;0.00017657;0.00017002;0.00016855;0.00016051;0.000157;0.00015264;0.0001489;0.00014372;0.0001401;0.00013684;0.00013373;0.00012839;0.00012054;0.00011557;0.00011168;0.00010633;0.0001016;9.8211e-05;9.3509e-05;8.9294e-05;8.7623e-05;8.2842e-05;8.467e-05;8.742e-05;9.6253e-05;0.00011612;0.00015093;0.00019818;0.000252;0.00029775;0.00032588;0.0003285;0.0003141;0.0002959;0.00027345;0.00024411;0.00022123;0.00019838;0.00017948;0.00016474;0.00015082;0.00013329;0.00011102;8.6379e-05;6.855e-05;5.3746e-05;4.3876e-05;3.7831e-05;3.2473e-05;3.0168e-05;2.894e-05;2.6316e-05;2.598e-05;2.4593e-05;2.4582e-05;2.3181e-05;2.2183e-05;2.2265e-05;2.0374e-05;1.9997e-05;1.8277e-05;1.8635e-05;1.6133e-05;1.6069e-05;1.5898e-05;1.5539e-05;1.6171e-05;1.4154e-05;1.3543e-05;1.3604e-05;1.3663e-05;1.4716e-05;1.4704e-05;1.518e-05;1.9075e-05;2.4807e-05;3.0195e-05;3.5294e-05;3.8846e-05;4.9986e-05;7.4091e-05;0.00011781;0.00018512;0.00031953;0.00053734;0.00077467;0.00094893;0.0010355;0.0010358;0.00089546;0.00067673;0.00046609;0.00032056;0.00026021;0.00022479;0.00019356;0.00015511;0.00011239;7.5644e-05;4.9322e-05;3.425e-05;2.7819e-05;2.3779e-05;2.1417e-05;2.0602e-05;1.99e-05;1.8122e-05;1.6859e-05;1.7076e-05;1.6506e-05;1.6143e-05;1.5754e-05;1.6231e-05;1.7243e-05;1.8592e-05;2.0796e-05;2.3611e-05;3.0827e-05;4.7324e-05;7.3083e-05;9.9567e-05;0.00012647;0.00015357;0.00017358;0.00019135;0.00021305;0.00023545;0.0002453;0.0002543;0.00027266;0.00028773;0.00027973;0.00024764;0.00020987;0.00018927;0.00018737;0.00017992;0.00015479;0.00012014;9.4658e-05;8.8284e-05;9.384e-05;0.00010236;0.00010168;8.6801e-05;6.9958e-05;5.6876e-05;5.4535e-05;5.8293e-05;6.8312e-05;9.1349e-05;0.00016931;0.00037808;0.00069929;0.00096833;0.0010036;0.00082631;0.00058574;0.00039464;0.00028319;0.00021945;0.00018513;0.00017887;0.00018383;0.00018381;0.00017624;0.00015916;0.00014289;0.00012938;0.00011718;0.00011133;0.00011308;0.00013168;0.00015241;0.00015793;0.00013143;9.2411e-05;5.8211e-05;3.9328e-05;3.3426e-05;3.0684e-05;2.9096e-05;2.7285e-05;2.6882e-05;2.713e-05;2.6577e-05;2.9383e-05;3.0273e-05;3.0538e-05;3.0885e-05;3.0516e-05;3.6252e-05;4.3226e-05;5.209e-05;5.4015e-05;4.8434e-05;4.0227e-05;3.258e-05;2.7211e-05;2.3428e-05;2.325e-05;2.1952e-05;2.2757e-05;2.4207e-05;2.8715e-05;3.5482e-05;3.7179e-05;3.2976e-05;3.0621e-05;2.845e-05;2.7463e-05;2.9077e-05;2.7704e-05;2.8167e-05;2.6321e-05;2.5979e-05;2.6403e-05;2.5145e-05;2.5427e-05;2.6754e-05;2.9246e-05;3.1023e-05;3.2907e-05;3.3214e-05;3.4346e-05;3.4296e-05;3.117e-05;3.2043e-05;3.3722e-05;4.2241e-05;5.1636e-05;5.3758e-05;4.7813e-05;4.023e-05;3.6093e-05;4.186e-05;5.0218e-05;5.1807e-05;4.6428e-05;3.7554e-05;3.3123e-05;3.0813e-05;3.1283e-05;3.4782e-05;3.7185e-05;4.5613e-05;5.5736e-05;8.2281e-05;0.00013404;0.00019859;0.00026205;0.00029964;0.00028795;0.00026033;0.00025558;0.00024695;0.00021315;0.0001517;9.0776e-05;5.638e-05;4.4561e-05;3.98e-05;3.7467e-05;3.915e-05;4.1803e-05;4.3313e-05;4.1243e-05;3.9764e-05;4.3259e-05;4.0192e-05;4.0699e-05;4.0948e-05;4.3137e-05;4.4517e-05;4.0844e-05;4.5821e-05;4.5887e-05;4.7017e-05;4.6774e-05;4.5326e-05;4.6072e-05;5.1353e-05;5.2569e-05;5.4818e-05;5.9588e-05;6.4682e-05;6.4772e-05;6.328e-05;6.0768e-05;5.9573e-05;5.9174e-05;5.8001e-05;5.5181e-05;5.1323e-05;5.538e-05;5.5245e-05;5.6565e-05;5.7032e-05;5.6062e-05;5.999e-05;6.1582e-05;6.5682e-05;7.3476e-05;6.9372e-05;5.0611e-05;3.5384e-05;2.4371e-05;3.0902e-05;2.3912e-05;3.7857e-05;4.4556e-05;5.4143e-05;5.6167e-05;6.2205e-05;5.9938e-05;5.7255e-05;5.968e-05;5.9951e-05;5.5733e-05;6.2688e-05;5.6759e-05;5.4554e-05;6.2483e-05;6.0285e-05
M[1,1];0;0;0;0.3232;0.2835;11.482;4.1615e-06;2.0961e-06;3.9316e-06;8.3885e-07;1.951e-06;1.9396e-06;0.0;8.048e-07;2.8323e-06;3.976e-08;2.3121e-07;0.0;1.6288e-06;9.5152e-07;1.1869e-06;3.7327e-06;2.9098e-06;3.8513e-06;3.207e-06;4.8826e-06;7.0189e-06;1.1834e-05;2.9403e-05;9.3748e-05;0.00017396;0.00017431;0.00013058;7.2376e-05;3.8581e-05;3.3194e-05;3.0383e-05;2.8827e-05;3.093e-05;3.9417e-05;4.423e-05;4.8098e-05;5.3193e-05;6.2079e-05;6.4907e-05;6.9891e-05;7.8775e-05;8.3463e-05;9.2821e-05;9.7584e-05;0.00010514;0.00011669;0.00012464;0.00013456;0.00014278;0.00015279;0.00015805;0.00017231;0.00019727;0.00025254;0.00061576;0.0012966;0.001455;0.0011766;0.00065787;0.00027118;0.00020076;0.00020157;0.00020112;0.00020369;0.00019933;0.00020016;0.0001969;0.00019248;0.00019087;0.00018685;0.00018522;0.00018381;0.00017797;0.00017581;0.00017283;0.00016939;0.00016585;0.00016188;0.00015796;0.00015364;0.00015052;0.00014414;0.00014286;0.00013871;0.00013427;0.00013018;0.00012736;0.00012345;0.00011753;0.00011286;0.00010715;0.00010429;0.00010221;9.6004e-05;9.291e-05;8.9905e-05;8.3877e-05;8.1403e-05;8.0183e-05;7.9868e-05;8.3324e-05;8.9593e-05;0.00010861;0.00014007;0.00018379;0.00023102;0.00027135;0.00029497;0.00029804;0.00028817;0.00026859;0.00024541;0.00022632;0.00020326;0.00018243;0.00016647;0.00015225;0.00013855;0.0001227;0.00010402;8.5332e-05;6.4883e-05;5.2453e-05;4.4223e-05;3.9027e-05;3.3553e-05;3.1367e-05;2.881e-05;2.762e-05;2.5651e-05;2.6603e-05;2.5387e-05;2.4992e-05;2.4799e-05;2.3771e-05;2.2929e-05;2.1909e-05;2.062e-05;1.8824e-05;1.8237e-05;1.758e-05;1.7593e-05;1.6955e-05;1.7831e-05;1.5209e-05;1.5976e-05;1.6287e-05;1.6234e-05;1.6567e-05;1.6689e-05;1.7715e-05;2.0068e-05;2.6014e-05;3.1207e-05;3.5608e-05;3.9998e-05;4.8907e-05;7.271e-05;0.00010894;0.00017512;0.00029684;0.00049669;0.00071763;0.00087359;0.0009531;0.00095179;0.00082274;0.00061931;0.00042619;0.00029926;0.00024134;0.00020989;0.00018012;0.00014446;0.00010566;7.2759e-05;4.8336e-05;3.6081e-05;2.868e-05;2.4977e-05;2.1936e-05;2.1608e-05;2.0039e-05;1.9804e-05;1.7752e-05;1.8837e-05;1.7832e-05;1.7564e-05;1.7643e-05;1.7629e-05;1.7974e-05;1.9324e-05;2.1985e-05;2.5093e-05;3.1759e-05;4.7467e-05;7.0214e-05;9.4769e-05;0.00012001;0.0001445;0.00016078;0.00018016;0.00020088;0.00022024;0.00023211;0.000239;0.00025567;0.00027111;0.00026217;0.00023249;0.00019702;0.00017897;0.00017696;0.00016922;0.00014588;0.00011514;9.0882e-05;8.3505e-05;9.0137e-05;9.8646e-05;9.7616e-05;8.3666e-05;6.7706e-05;5.7079e-05;5.4052e-05;5.8509e-05;6.7212e-05;9.0171e-05;0.00015979;0.00035564;0.00065729;0.00090005;0.00093827;0.0007702;0.00054601;0.00036855;0.00026707;0.00020755;0.00017489;0.00016989;0.00017531;0.00017623;0.00016685;0.00015197;0.00013666;0.00012482;0.000112;0.0001056;0.00010824;0.00012477;0.00014619;0.0001492;0.000126;8.8528e-05;5.7666e-05;4.0159e-05;3.4007e-05;3.1627e-05;3.0448e-05;2.8695e-05;2.7684e-05;2.8253e-05;2.9596e-05;3.0987e-05;3.1961e-05;3.2293e-05;3.0557e-05;3.2217e-05;3.5205e-05;4.48e-05;5.1877e-05;5.4171e-05;4.8954e-05;4.0478e-05;3.2588e-05;2.7938e-05;2.5564e-05;2.4674e-05;2.4531e-05;2.3451e-05;2.5942e-05;3.0922e-05;3.5892e-05;3.8439e-05;3.544e-05;3.1789e-05;3.0691e-05;2.9647e-05;3.0445e-05;2.9707e-05;2.8611e-05;2.8319e-05;2.7803e-05;2.7104e-05;2.7319e-05;2.7378e-05;2.7955e-05;3.0363e-05;3.1743e-05;3.3428e-05;3.4829e-05;3.5001e-05;3.5271e-05;3.3706e-05;3.3648e-05;3.471e-05;4.2239e-05;4.9869e-05;5.2211e-05;4.6848e-05;4.0137e-05;3.8139e-05;4.3058e-05;5.1115e-05;5.2751e-05;4.7692e-05;3.9353e-05;3.5424e-05;3.5727e-05;3.5851e-05;3.6797e-05;4.0338e-05;4.6996e-05;5.8625e-05;8.3765e-05;0.00012802;0.00018588;0.00024375;0.00027775;0.00026525;0.00024064;0.00023495;0.00022654;0.00019506;0.00014302;8.8047e-05;5.8677e-05;4.7596e-05;4.2877e-05;3.8956e-05;3.858e-05;4.356e-05;4.3572e-05;4.3861e-05;4.2597e-05;4.2008e-05;4.3446e-05;4.4003e-05;4.4697e-05;4.4049e-05;4.493e-05;4.4837e-05;4.7814e-05;4.9035e-05;5.2756e-05;5.1366e-05;5.4525e-05;5.354e-05;5.6102e-05;5.416e-05;5.7853e-05;6.2253e-05;6.6203e-05;6.9126e-05;6.465e-05;6.6105e-05;6.2927e-05;6.4357e-05;6.2276e-05;6.1867e-05;6.0968e-05;6.0373e-05;6.0623e-05;6.4373e-05;6.1066e-05;6.2106e-05;6.3617e-05;6.229e-05;6.7983e-05;7.2745e-05;6.3461e-05;4.765e-05;3.6393e-05;2.6106e-05;2.6912e-05;3.4079e-05;3.6619e-05;4.6994e-05;5.8848e-05;5.8695e-05;6.2293e-05;6.5496e-05;6.3541e-05;6.1134e-05;6.2727e-05;5.7323e-05;6.479e-05;5.9359e-05;5.4984e-05;5.8913e-05;5.9228e-05
M[1,2];0;0;0;0.3273;0.2974;15.254;6.6127e-06;2.403e-06;7.2865e-07;8.59e-07;3.6436e-07;2.3502e-06;9.1759e-07;1.4821e-06;1.5576e-06;1.4038e-06;1.8563e-06;1.363e-06;0.0;8.4407e-07;1.27e-06;1.5662e-06;3.3321e-06;5.5531e-06;5.2583e-06;7.2295e-06;1.1885e-05;1.6037e-05;3.1405e-05;9.7766e-05;0.00018382;0.00018549;0.00013818;7.538e-05;3.9926e-05;3.6713e-05;3.0931e-05;2.9689e-05;3.595e-05;4.1988e-05;4.829e-05;5.4603e-05;5.8822e-05;6.9374e-05;7.6175e-05;8.0316e-05;8.9031e-05;9.5807e-05;0.0001047;0.00011147;0.00012085;0.00013378;0.00014642;0.00015495;0.0001633;0.00017562;0.00018673;0.00020225;0.00022821;0.00029372;0.0007234;0.0015023;0.0016938;0.0013803;0.00076526;0.00032116;0.00024331;0.00024239;0.00024104;0.00024034;0.00023877;0.0002385;0.00023586;0.00023267;0.00022839;0.00022769;0.0002251;0.00022462;0.00022094;0.00021658;0.00021326;0.00020884;0.00020622;0.00020059;0.00019819;0.00019103;0.00018669;0.00018167;0.00017876;0.00017348;0.0001682;0.00016642;0.00016117;0.00015849;0.00015135;0.00014299;0.00013769;0.00013442;0.00013094;0.00012616;0.00012153;0.0001151;0.00011139;0.00010686;0.00010627;0.00010598;0.00010967;0.00012044;0.0001434;0.00018398;0.00024095;0.00030561;0.00036296;0.00039715;0.000401;0.00038552;0.00036166;0.00033392;0.000303;0.00027481;0.00024598;0.00022336;0.00020377;0.00018874;0.00016612;0.00014004;0.0001125;8.8017e-05;7.1747e-05;5.8428e-05;5.092e-05;4.5361e-05;4.0809e-05;3.8231e-05;3.7617e-05;3.6647e-05;3.536e-05;3.6013e-05;3.4653e-05;3.2514e-05;3.1211e-05;2.9674e-05;2.8346e-05;2.7518e-05;2.6537e-05;2.4767e-05;2.4589e-05;2.3923e-05;2.2546e-05;2.2601e-05;2.2456e-05;2.1629e-05;2.1982e-05;2.273e-05;2.2263e-05;2.2775e-05;2.3276e-05;2.7229e-05;3.5078e-05;4.3556e-05;4.6408e-05;5.3422e-05;6.6442e-05;9.8045e-05;0.00014986;0.00023856;0.00040042;0.00067183;0.00097237;0.0011794;0.001299;0.001297;0.001121;0.0008449;0.00058241;0.00040613;0.0003276;0.00028822;0.00024475;0.0001999;0.00014584;9.8422e-05;6.612e-05;4.8143e-05;3.9633e-05;3.3961e-05;3.1324e-05;2.9112e-05;2.8451e-05;2.6987e-05;2.5915e-05;2.4731e-05;2.4268e-05;2.4359e-05;2.483e-05;2.5536e-05;2.5888e-05;2.6954e-05;2.9351e-05;3.4541e-05;4.2011e-05;6.2733e-05;9.4014e-05;0.00012523;0.00015906;0.00019033;0.00021378;0.00023514;0.0002597;0.00028652;0.00030149;0.0003099;0.00033067;0.00034855;0.00033945;0.00029905;0.00025386;0.00022982;0.00022734;0.00021836;0.00018808;0.00014976;0.00011694;0.00010778;0.00011709;0.00012809;0.00012457;0.00010716;8.6653e-05;7.3052e-05;6.9814e-05;7.4531e-05;8.6806e-05;0.0001155;0.00020651;0.00045806;0.00084492;0.0011649;0.0012054;0.00099313;0.00070931;0.00047816;0.00034494;0.00026757;0.00022767;0.00021879;0.00022704;0.00022613;0.00021329;0.00019761;0.00017662;0.00015869;0.00014477;0.00013727;0.00013991;0.00016299;0.00018836;0.00019312;0.00016167;0.0001145;7.3259e-05;5.2389e-05;4.4734e-05;4.1927e-05;3.8992e-05;3.7568e-05;3.6157e-05;3.6842e-05;3.7818e-05;3.9315e-05;4.0023e-05;4.0747e-05;4.09e-05;4.1231e-05;4.6189e-05;5.6591e-05;6.7061e-05;6.8751e-05;6.2196e-05;5.359e-05;4.3889e-05;3.6965e-05;3.3388e-05;3.1674e-05;3.0817e-05;3.0967e-05;3.29e-05;3.8772e-05;4.7821e-05;4.9063e-05;4.4786e-05;3.9723e-05;3.8358e-05;3.8947e-05;3.85e-05;4.0134e-05;3.6396e-05;3.6692e-05;3.5823e-05;3.6145e-05;3.4667e-05;3.5457e-05;3.6372e-05;3.9721e-05;4.1117e-05;4.2615e-05;4.372e-05;4.403e-05;4.4567e-05;4.2842e-05;4.0033e-05;4.2909e-05;5.3048e-05;6.1789e-05;6.5063e-05;5.8665e-05;4.9442e-05;4.5173e-05;5.2901e-05;6.2411e-05;6.5033e-05;5.7354e-05;4.6816e-05;4.1849e-05;3.8607e-05;4.1047e-05;4.3467e-05;4.7173e-05;5.407e-05;6.6648e-05;9.5871e-05;0.00014922;0.00021711;0.00028074;0.0003162;0.0003063;0.00027706;0.00026758;0.00025948;0.00022187;0.00016058;9.8761e-05;6.3613e-05;5.0313e-05;4.3988e-05;4.2146e-05;4.4013e-05;4.7466e-05;4.992e-05;4.9325e-05;4.7269e-05;4.463e-05;4.8204e-05;4.9126e-05;4.7461e-05;4.7832e-05;4.7822e-05;5.0455e-05;5.0426e-05;5.3247e-05;5.3706e-05;5.4314e-05;5.6433e-05;5.6215e-05;5.8481e-05;5.7555e-05;6.3216e-05;6.6045e-05;7.1749e-05;7.0555e-05;6.7066e-05;6.7182e-05;6.6241e-05;6.3187e-05;6.6382e-05;6.4487e-05;6.1178e-05;6.0809e-05;6.483e-05;6.5124e-05;6.7556e-05;6.3648e-05;6.1222e-05;6.5244e-05;6.7724e-05;6.9214e-05;6.4403e-05;5.1197e-05;3.5243e-05;2.5935e-05;2.0845e-05;3.1481e-05;4.3237e-05;4.9361e-05;5.394e-05;6.1366e-05;6.4677e-05;6.4482e-05;6.617e-05;6.3834e-05;6.4915e-05;6.2842e-05;6.23e-05;5.7077e-05;6.6559e-05;6.1116e-05;6.2684e-05
M[1,3];0;0;0;0.3281;0.3172;22.185;6.5789e-06;5.4397e-06;3.2548e-06;3.4863e-06;3.345e-09;1.198e-06;4.6927e-06;7.4355e-08;0.0;1.9478e-06;3.6878e-08;0.0;9.4464e-07;4.1231e-06;1.666e-06;3.3245e-06;3.7492e-06;5.4814e-06;5.2046e-06;1.0139e-05;9.5427e-06;1.6196e-05;3.4837e-05;0.00011047;0.00020281;0.00020696;0.00015342;8.2605e-05;4.5125e-05;4.029e-05;3.6749e-05;3.5816e-05;4.1616e-05;5.1136e-05;5.6028e-05;6.3201e-05;6.9783e-05;7.8579e-05;8.6245e-05;9.5709e-05;0.00010383;0.00011771;0.00012691;0.00013472;0.00014666;0.00016014;0.0001755;0.00019036;0.000203;0.0002094;0.00022727;0.00024583;0.00027915;0.00035662;0.00088453;0.0018263;0.0020524;0.0016699;0.00092394;0.00038903;0.00030125;0.00030143;0.00030405;0.00030473;0.00030555;0.00030621;0.00030496;0.00029831;0.00029486;0.00029481;0.00029737;0.00029606;0.00028782;0.00028571;0.00028286;0.00027932;0.00027443;0.00026676;0.00026328;0.00025818;0.0002512;0.00024726;0.00024294;0.00023897;0.00023279;0.00022439;0.00022218;0.00021827;0.00020844;0.00020125;0.00019302;0.0001881;0.00018359;0.00017695;0.00017103;0.00016441;0.00015854;0.00015283;0.00015073;0.0001549;0.00016167;0.00017815;0.00021379;0.0002754;0.00036223;0.00045894;0.00053876;0.00058791;0.000594;0.00057463;0.00053767;0.000496;0.00045017;0.0004086;0.00036958;0.00033539;0.000305;0.00028405;0.00024967;0.00021048;0.00017026;0.00013278;0.00010812;9.0956e-05;8.0518e-05;7.2639e-05;6.451e-05;6.0137e-05;5.8357e-05;5.6633e-05;5.5908e-05;5.6219e-05;5.4011e-05;5.223e-05;5.0285e-05;4.8147e-05;4.5981e-05;4.3877e-05;4.1696e-05;4.1373e-05;4.0353e-05;3.9694e-05;3.8399e-05;3.7646e-05;3.6909e-05;3.537e-05;3.6104e-05;3.5696e-05;3.5671e-05;3.6261e-05;3.7026e-05;4.339e-05;5.431e-05;6.7451e-05;7.3606e-05;8.249e-05;0.0001029;0.00015206;0.00023158;0.00036639;0.00062246;0.0010413;0.001495;0.0018151;0.0019832;0.0019691;0.0016984;0.0012788;0.00088248;0.00061422;0.00050238;0.00043895;0.00037561;0.00030357;0.00022056;0.00015155;0.000102;7.3545e-05;5.9268e-05;5.2733e-05;4.8012e-05;4.5306e-05;4.2105e-05;4.0998e-05;3.9036e-05;3.7442e-05;3.6619e-05;3.7064e-05;3.7877e-05;3.8164e-05;3.8249e-05;3.9807e-05;4.4221e-05;4.8903e-05;6.1424e-05;8.9845e-05;0.00013511;0.00017893;0.00022431;0.00026802;0.00029951;0.00032724;0.00036198;0.00039858;0.00041462;0.00042423;0.0004506;0.00047433;0.00045672;0.00040331;0.00034206;0.00030802;0.00030397;0.00029174;0.00025082;0.00019562;0.00015539;0.00014384;0.000156;0.00017128;0.00016722;0.00014356;0.00011609;9.6118e-05;9.2878e-05;9.9236e-05;0.00011692;0.00015572;0.00028163;0.00062407;0.0011455;0.0015808;0.0016286;0.0013316;0.00094982;0.00064417;0.00046629;0.00035921;0.00030744;0.00029785;0.00030752;0.00030563;0.00028756;0.00026378;0.00023898;0.00021505;0.00019591;0.00018353;0.00018952;0.0002204;0.00025697;0.00026071;0.00021949;0.00015276;9.8021e-05;6.9644e-05;6.0032e-05;5.5413e-05;5.1755e-05;4.9555e-05;4.8935e-05;5.0828e-05;5.1749e-05;5.3341e-05;5.4569e-05;5.5269e-05;5.512e-05;5.606e-05;6.3784e-05;7.7855e-05;9.1343e-05;9.294e-05;8.5189e-05;7.1649e-05;5.9375e-05;5.0363e-05;4.3804e-05;4.2659e-05;4.2056e-05;4.1659e-05;4.3356e-05;5.2892e-05;6.4394e-05;6.5914e-05;6.1263e-05;5.5167e-05;5.3447e-05;5.2997e-05;5.316e-05;5.2112e-05;5.0042e-05;4.7319e-05;4.8129e-05;4.8885e-05;4.6322e-05;4.7065e-05;4.8919e-05;5.2058e-05;5.5614e-05;5.7567e-05;5.897e-05;5.9187e-05;5.8318e-05;5.5165e-05;5.4474e-05;5.6487e-05;6.7209e-05;8.0341e-05;8.5226e-05;7.5499e-05;6.245e-05;5.7335e-05;6.6275e-05;7.7839e-05;8.0014e-05;7.1032e-05;5.9664e-05;5.3505e-05;5.0753e-05;5.2674e-05;5.1398e-05;5.7194e-05;6.3866e-05;7.9516e-05;0.00011238;0.00017614;0.00025469;0.00032892;0.00037132;0.00035688;0.00032054;0.00031196;0.00029575;0.00025695;0.0001831;0.00011091;7.2562e-05;5.8448e-05;5.1312e-05;4.8054e-05;4.6607e-05;5.2267e-05;5.452e-05;5.4456e-05;5.0803e-05;5.0199e-05;5.161e-05;5.3948e-05;5.2305e-05;5.1579e-05;5.1154e-05;5.4236e-05;5.4853e-05;5.9748e-05;5.977e-05;6.1039e-05;6.0272e-05;6.0048e-05;6.0312e-05;6.203e-05;6.843e-05;7.0948e-05;7.4237e-05;7.4948e-05;7.3867e-05;7.2516e-05;7.0965e-05;7.238e-05;7.2247e-05;6.8201e-05;6.6421e-05;6.606e-05;6.8485e-05;6.6225e-05;6.3238e-05;6.9123e-05;6.6231e-05;7.0301e-05;7.2731e-05;7.5754e-05;7.2262e-05;5.5465e-05;3.7124e-05;2.6407e-05;3.3877e-05;2.9828e-05;3.9089e-05;5.1852e-05;5.9714e-05;6.8208e-05;7.088e-05;7.2151e-05;7.1955e-05;6.8547e-05;6.1507e-05;6.8508e-05;6.4975e-05;6.5844e-05;6.3639e-05;6.0664e-05;6.1951e-05
M[1,4];0;0;0;0.3288;0.3329;27.905;3.8809e-06;4.293e-06;3.6897e-06;1.8399e-06;2.4468e-06;2.0747e-06;3.991e-06;0.0;3.265e-06;1.7948e-06;1.8226e-06;3.4333e-06;5.0013e-07;0.0;1.0756e-06;7.8891e-07;4.0456e-06;3.8355e-06;5.394e-06;7.1206e-06;1.1875e-05;1.6963e-05;3.409e-05;0.00010853;0.00020389;0.0002045;0.00015487;8.2022e-05;4.7146e-05;4.0927e-05;3.7204e-05;3.7447e-05;4.2805e-05;5.2072e-05;6.0067e-05;6.6514e-05;7.1656e-05;8.207e-05;9.5159e-05;0.00010079;0.00011356;0.000123;0.00013442;0.00014534;0.00015809;0.00017698;0.00019187;0.00020767;0.00022029;0.00023007;0.00024759;0.00027014;0.000305;0.00039115;0.00095493;0.0019736;0.0022237;0.0018088;0.00102;0.00043667;0.0003364;0.0003331;0.00034043;0.0003436;0.00034345;0.00034484;0.00034595;0.00034309;0.00033965;0.00034167;0.00034077;0.00033629;0.00033223;0.00032959;0.0003279;0.00032501;0.00032163;0.00031101;0.00030796;0.00030273;0.00029778;0.00029276;0.00028744;0.00028186;0.0002774;0.00026994;0.000266;0.00026144;0.00025415;0.00024333;0.00023611;0.00022976;0.00022459;0.00021923;0.00021036;0.0002024;0.00019495;0.00019031;0.00019213;0.0001926;0.00020216;0.00022156;0.00026839;0.00034661;0.00045232;0.00057787;0.00068257;0.00074832;0.00075894;0.00073475;0.00068983;0.00064214;0.00058182;0.00052858;0.00047465;0.00043118;0.00039547;0.00036301;0.00032744;0.00027502;0.00022224;0.00017431;0.00014007;0.00011852;0.00010365;9.4107e-05;8.7541e-05;8.0374e-05;7.6941e-05;7.6375e-05;7.4654e-05;7.5144e-05;7.259e-05;7.008e-05;6.8373e-05;6.6014e-05;6.3277e-05;6.0535e-05;5.711e-05;5.6108e-05;5.4038e-05;5.3692e-05;5.2453e-05;5.1124e-05;5.0156e-05;4.8344e-05;4.7508e-05;4.8076e-05;4.9123e-05;4.8987e-05;4.9273e-05;5.7591e-05;7.2995e-05;8.9198e-05;9.8879e-05;0.00011027;0.00013578;0.0001964;0.00030243;0.00047376;0.00079713;0.0013275;0.001918;0.0023467;0.0025776;0.0025629;0.0022143;0.0016757;0.0011651;0.00081377;0.00065911;0.00057561;0.0004946;0.0004007;0.00029247;0.00020068;0.00013596;9.7402e-05;8.0145e-05;6.9861e-05;6.3526e-05;6.0691e-05;5.7167e-05;5.4226e-05;5.1997e-05;4.9002e-05;4.6863e-05;4.7034e-05;4.7786e-05;4.7283e-05;4.7726e-05;5.0014e-05;5.477e-05;6.0989e-05;7.5782e-05;0.00011003;0.00016454;0.00021836;0.00027463;0.00032798;0.00036389;0.00039636;0.00043718;0.00047547;0.00049834;0.00050692;0.00053733;0.0005658;0.00054647;0.00047942;0.00040695;0.00036369;0.0003595;0.00034454;0.00029388;0.00023335;0.00018334;0.00016788;0.0001818;0.00019932;0.00019577;0.00016819;0.00013679;0.00011401;0.00010956;0.00011852;0.00013795;0.00018378;0.00033422;0.00073604;0.0013565;0.001875;0.0019392;0.0015955;0.0011346;0.00077233;0.00055971;0.00042924;0.00036482;0.00035398;0.00036417;0.00036565;0.00034503;0.00031635;0.00028564;0.00025816;0.00023418;0.00021937;0.0002249;0.00026177;0.00030458;0.00031144;0.00026166;0.00018341;0.00011664;8.3103e-05;7.0473e-05;6.5554e-05;6.182e-05;5.9369e-05;5.8242e-05;5.8226e-05;6.0639e-05;6.1985e-05;6.4557e-05;6.5003e-05;6.478e-05;6.6707e-05;7.4781e-05;9.141e-05;0.00010925;0.00011304;0.00010094;8.3233e-05;6.9102e-05;5.9287e-05;5.2182e-05;5.1446e-05;5.0847e-05;4.9325e-05;5.282e-05;6.3917e-05;7.456e-05;7.8778e-05;7.31e-05;6.4641e-05;6.213e-05;6.2429e-05;6.4026e-05;6.1522e-05;6.0153e-05;5.7519e-05;5.6383e-05;5.4963e-05;5.3933e-05;5.5742e-05;5.6546e-05;6.0816e-05;6.2742e-05;6.681e-05;6.7907e-05;6.7644e-05;6.7259e-05;6.4474e-05;6.2471e-05;6.5351e-05;7.8323e-05;9.2545e-05;9.5641e-05;8.5578e-05;7.2709e-05;6.6028e-05;7.4036e-05;8.887e-05;9.1674e-05;8.0053e-05;6.4778e-05;5.6512e-05;5.5229e-05;5.5518e-05;5.8675e-05;6.2125e-05;7.1424e-05;8.7435e-05;0.00012425;0.00019094;0.00027771;0.00035525;0.00040474;0.00038437;0.00034433;0.00032894;0.00031784;0.00027641;0.00019745;0.00011883;7.6895e-05;6.2274e-05;5.6748e-05;5.1231e-05;5.1383e-05;5.2958e-05;5.6126e-05;5.6983e-05;5.3473e-05;5.2554e-05;5.4341e-05;5.3924e-05;5.4997e-05;5.3548e-05;5.4351e-05;5.6918e-05;5.8135e-05;6.0948e-05;6.1173e-05;6.4907e-05;6.1379e-05;6.346e-05;6.4963e-05;6.7959e-05;6.8041e-05;7.217e-05;7.4536e-05;7.7887e-05;7.7111e-05;7.2867e-05;7.4958e-05;7.2454e-05;7.3225e-05;6.9463e-05;7.2052e-05;7.027e-05;6.5242e-05;6.6129e-05;6.6088e-05;6.7707e-05;6.6925e-05;7.0833e-05;7.6218e-05;8.1242e-05;7.0341e-05;5.3511e-05;3.9922e-05;2.6529e-05;2.6963e-05;3.4047e-05;4.4208e-05;4.711e-05;6.461e-05;6.8356e-05;7.1211e-05;6.9569e-05;6.8146e-05;6.808e-05;6.6359e-05;6.9505e-05;7.0933e-05;6.5025e-05;6.3223e-05;6.7787e-05;6.4079e-05
M[2,0];0;0;0;0.3432;0.2873;12.779;5.6936e-06;2.211e-06;3.6485e-06;3.7882e-06;3.3632e-07;1.0443e-06;3.1249e-06;1.1495e-06;1.8267e-06;2.4852e-06;1.5271e-06;1.7443e-06;2.2345e-06;1.9723e-06;2.6169e-06;3.253e-06;3.2995e-06;4.1542e-06;5.0557e-06;8.5829e-06;9.3579e-06;1.3044e-05;3.3497e-05;0.00010868;0.00019308;0.00019831;0.00014818;7.7103e-05;4.3421e-05;3.4594e-05;3.2101e-05;3.2443e-05;3.3281e-05;4.114e-05;4.6662e-05;4.9901e-05;6.0217e-05;6.2974e-05;6.9032e-05;7.5805e-05;8.5721e-05;9.1181e-05;9.5237e-05;0.00010377;0.00011013;0.00012331;0.00013408;0.0001421;0.00015099;0.00015839;0.00016916;0.00018647;0.00020735;0.00026439;0.00065473;0.0013743;0.0015452;0.0012523;0.00068845;0.00028261;0.00021161;0.00020917;0.00020954;0.00020836;0.00020548;0.000205;0.00020278;0.00019568;0.00019259;0.00018894;0.00018828;0.00018506;0.000181;0.00017743;0.00017402;0.00016999;0.00016543;0.0001617;0.00015732;0.00015362;0.00014887;0.00014396;0.00014088;0.00013809;0.00013273;0.00012908;0.00012633;0.0001228;0.00011681;0.0001101;0.00010609;0.00010255;0.00010042;9.5016e-05;8.9094e-05;8.5356e-05;8.2822e-05;7.9727e-05;7.8811e-05;7.8978e-05;8.033e-05;8.9315e-05;0.00010665;0.00013588;0.00018072;0.00022929;0.00027106;0.00029661;0.00029623;0.00028645;0.00026755;0.00024573;0.00022527;0.00020291;0.00018014;0.00016381;0.00014707;0.00013848;0.00012076;0.00010247;8.2135e-05;6.316e-05;4.9739e-05;4.2238e-05;3.6772e-05;3.0966e-05;2.8071e-05;2.6967e-05;2.5257e-05;2.4452e-05;2.4735e-05;2.2615e-05;2.1884e-05;2.1687e-05;2.2586e-05;2.0774e-05;1.7869e-05;1.8039e-05;1.7955e-05;1.6585e-05;1.5597e-05;1.6198e-05;1.6159e-05;1.4864e-05;1.5017e-05;1.5683e-05;1.5163e-05;1.4797e-05;1.4659e-05;1.5903e-05;1.545e-05;1.7666e-05;2.3056e-05;3.1368e-05;3.38e-05;3.9285e-05;4.9456e-05;7.1236e-05;0.00011127;0.00017954;0.00030262;0.00051192;0.00074028;0.00090618;0.00099448;0.00099349;0.00086179;0.00065117;0.00044749;0.00031005;0.00025092;0.00022088;0.00018713;0.00015152;0.00010936;7.5274e-05;4.9977e-05;3.6064e-05;2.909e-05;2.5106e-05;2.3187e-05;2.1176e-05;2.0342e-05;1.9545e-05;1.9357e-05;1.8239e-05;1.7886e-05;1.7717e-05;1.9047e-05;1.8904e-05;1.9219e-05;2.1341e-05;2.291e-05;2.6582e-05;3.5117e-05;5.2139e-05;7.7771e-05;0.0001073;0.00013689;0.00016672;0.00018816;0.000209;0.00023349;0.000258;0.00027486;0.00028411;0.0003054;0.00032374;0.00031631;0.00028154;0.00024105;0.0002167;0.00021664;0.00020704;0.00017994;0.0001411;0.00011325;0.00010447;0.00011286;0.00012221;0.00012187;0.00010362;8.5004e-05;6.9794e-05;6.7169e-05;7.2839e-05;8.3563e-05;0.00011389;0.00020342;0.00045135;0.00083478;0.0011571;0.0011983;0.00098581;0.00070187;0.00047225;0.00034295;0.0002637;0.00022484;0.00021853;0.00022521;0.0002247;0.00021274;0.00019383;0.00017591;0.00015785;0.0001438;0.00013343;0.00013768;0.00015893;0.00018663;0.00019045;0.00016034;0.00011338;7.2446e-05;5.0615e-05;4.2633e-05;4.0292e-05;3.7346e-05;3.5359e-05;3.5098e-05;3.4364e-05;3.5711e-05;3.7827e-05;3.8384e-05;3.9569e-05;3.9104e-05;3.9696e-05;4.4849e-05;5.475e-05;6.4314e-05;6.661e-05;6.0472e-05;5.1408e-05;4.1668e-05;3.3435e-05;3.0446e-05;3.0466e-05;2.9907e-05;2.9112e-05;3.0556e-05;3.5199e-05;4.5096e-05;4.6017e-05;4.3683e-05;3.8146e-05;3.62e-05;3.6354e-05;3.5602e-05;3.773e-05;3.4213e-05;3.3027e-05;3.316e-05;3.3615e-05;3.2249e-05;3.2579e-05;3.3465e-05;3.5761e-05;3.9475e-05;4.0752e-05;4.1095e-05;4.2181e-05;4.1714e-05;3.8269e-05;3.8692e-05;4.0944e-05;4.985e-05;6.0967e-05;6.4078e-05;5.702e-05;4.7227e-05;4.3728e-05;5.0911e-05;6.0383e-05;6.0982e-05;5.4501e-05;4.5699e-05;4.0256e-05;3.6719e-05;4.0088e-05;4.064e-05;4.4379e-05;5.1392e-05;6.3425e-05;9.2361e-05;0.00014673;0.00021665;0.00028184;0.00032287;0.00030903;0.00027607;0.00026763;0.00026288;0.0002272;0.00015946;9.7131e-05;6.1114e-05;4.9707e-05;4.4373e-05;4.3629e-05;4.2849e-05;4.4047e-05;4.6297e-05;4.4876e-05;4.2867e-05;4.3342e-05;4.7013e-05;4.4113e-05;4.4612e-05;4.6594e-05;4.8415e-05;4.7685e-05;4.8112e-05;5.0293e-05;4.9797e-05;5.212e-05;5.1327e-05;5.1756e-05;5.0482e-05;5.0843e-05;5.7517e-05;6.4535e-05;6.4555e-05;6.7758e-05;6.6517e-05;6.1306e-05;6.1798e-05;5.9523e-05;5.8554e-05;6.1456e-05;6.089e-05;5.8853e-05;6.0098e-05;6.4496e-05;5.6203e-05;5.8629e-05;6.1084e-05;6.3435e-05;6.8812e-05;7.3837e-05;6.7351e-05;4.9362e-05;3.5135e-05;2.7779e-05;2.1055e-05;2.8643e-05;3.6621e-05;4.1562e-05;4.9405e-05;6.1535e-05;6.4361e-05;6.0636e-05;6.0012e-05;6.613e-05;6.1878e-05;5.9747e-05;5.9247e-05;5.8526e-05;5.8409e-05;5.6449e-05;6.5986e-05
M[2,1];0;0;0;0.3526;0.2937;14.999;6.4353e-07;2.1991e-06;3.7876e-07;7.558e-07;4.9427e-06;0.0;7.4492e-07;0.0;3.6764e-06;2.1585e-06;1.203e-06;3.9578e-06;2.0393e-06;1.5017e-06;5.6854e-07;1.3605e-06;2.9282e-06;4.383e-06;6.387e-06;8.2855e-06;9.5791e-06;1.5103e-05;3.4767e-05;0.00011289;0.00020961;0.00021194;0.00015979;8.3533e-05;4.5794e-05;3.7673e-05;3.3036e-05;3.1823e-05;3.6463e-05;4.4348e-05;5.1488e-05;5.5504e-05;6.3181e-05;6.8168e-05;7.6604e-05;8.209e-05;9.2491e-05;9.9146e-05;0.0001065;0.0001134;0.00012112;0.00013541;0.00014828;0.00015801;0.00016532;0.00017438;0.00018709;0.00020199;0.00022636;0.00028894;0.00071415;0.0014913;0.0016777;0.0013626;0.00075936;0.00031233;0.00023284;0.0002282;0.0002259;0.00022873;0.00022692;0.00022175;0.0002206;0.00021486;0.00021055;0.00020846;0.00020535;0.00020472;0.00020102;0.0001954;0.00019163;0.00018897;0.00018275;0.00017844;0.00017311;0.00016932;0.00016321;0.00016279;0.00015489;0.00015181;0.00014658;0.00014313;0.0001399;0.00013593;0.00012936;0.00012553;0.00012099;0.00011552;0.00010963;0.00010608;0.00010033;9.6752e-05;9.2857e-05;8.777e-05;8.5996e-05;8.6153e-05;9.0914e-05;0.00010018;0.00012151;0.0001551;0.00020324;0.00025704;0.00030353;0.00033046;0.00033433;0.0003216;0.00030013;0.00027608;0.00025249;0.00022783;0.00020457;0.00018338;0.00016913;0.00015493;0.00013706;0.00011535;9.1904e-05;7.0942e-05;5.6519e-05;4.7022e-05;4.0499e-05;3.5785e-05;3.2745e-05;3.0204e-05;2.8335e-05;2.6914e-05;2.9597e-05;2.7102e-05;2.6336e-05;2.488e-05;2.1936e-05;2.3767e-05;2.2436e-05;2.1839e-05;1.9648e-05;1.9174e-05;1.8722e-05;1.7232e-05;1.7351e-05;1.6504e-05;1.6875e-05;1.659e-05;1.6314e-05;1.6032e-05;1.727e-05;1.7036e-05;1.8248e-05;2.1092e-05;2.6525e-05;3.4242e-05;3.9456e-05;4.4673e-05;5.5099e-05;8.3095e-05;0.00012776;0.00020324;0.00034988;0.00058546;0.00085007;0.0010413;0.0011446;0.0011419;0.00098981;0.00074649;0.00051539;0.00035787;0.00028851;0.00025215;0.00021554;0.00017378;0.00012742;8.6298e-05;5.7936e-05;4.2033e-05;3.286e-05;2.9594e-05;2.7765e-05;2.518e-05;2.4003e-05;2.3754e-05;2.2931e-05;2.2147e-05;2.1769e-05;2.1004e-05;2.2138e-05;2.2787e-05;2.3403e-05;2.4977e-05;2.8052e-05;3.0552e-05;4.1622e-05;6.1693e-05;9.4037e-05;0.0001259;0.00016097;0.00019649;0.00022323;0.0002479;0.00027733;0.0003086;0.00032534;0.00033923;0.0003659;0.00038738;0.00037818;0.00033622;0.00028788;0.00026024;0.00026018;0.00025118;0.00021685;0.00017159;0.00013418;0.00012511;0.00013648;0.00014887;0.00014718;0.00012807;0.00010261;8.6586e-05;8.2846e-05;8.8634e-05;0.00010316;0.00013777;0.00024863;0.00055073;0.0010118;0.0014023;0.0014548;0.0011991;0.00085484;0.00058015;0.00041844;0.00032272;0.00027533;0.00026497;0.00027333;0.00027213;0.00025816;0.00023744;0.00021368;0.00019091;0.00017441;0.00016517;0.00017013;0.00019409;0.00022748;0.0002345;0.00019623;0.00013797;8.8836e-05;6.1064e-05;5.405e-05;4.8354e-05;4.5563e-05;4.412e-05;4.3289e-05;4.4181e-05;4.4394e-05;4.632e-05;4.746e-05;4.7945e-05;4.7978e-05;4.9875e-05;5.5322e-05;6.7029e-05;7.9229e-05;8.2109e-05;7.3992e-05;6.1951e-05;5.1157e-05;4.3411e-05;3.915e-05;3.6498e-05;3.5945e-05;3.5574e-05;3.8535e-05;4.4958e-05;5.4833e-05;5.7522e-05;5.2749e-05;4.7819e-05;4.4093e-05;4.3358e-05;4.5888e-05;4.4905e-05;4.3958e-05;4.2932e-05;4.1225e-05;4.0625e-05;4.0769e-05;3.9839e-05;4.2083e-05;4.29e-05;4.8025e-05;5.0232e-05;5.1151e-05;5.0737e-05;5.0882e-05;4.7111e-05;4.7138e-05;4.9042e-05;6.126e-05;7.2897e-05;7.651e-05;6.8897e-05;5.6379e-05;5.0047e-05;5.9902e-05;6.9472e-05;7.2182e-05;6.4836e-05;5.4279e-05;4.5704e-05;4.5592e-05;4.4398e-05;4.8506e-05;5.2042e-05;5.8675e-05;7.2808e-05;0.00010265;0.00016414;0.00024428;0.00031473;0.00036238;0.0003478;0.00030953;0.00029831;0.00029052;0.00025021;0.00018161;0.0001072;6.9022e-05;5.5916e-05;4.9532e-05;4.7481e-05;4.7505e-05;4.9604e-05;5.1356e-05;5.0776e-05;4.8699e-05;4.7545e-05;4.8001e-05;4.7238e-05;4.8283e-05;4.8968e-05;4.9591e-05;5.0964e-05;5.3521e-05;5.4699e-05;5.5508e-05;5.7961e-05;5.7872e-05;5.7426e-05;5.8077e-05;5.9675e-05;6.4301e-05;6.743e-05;7.4416e-05;7.0009e-05;7.178e-05;6.719e-05;6.6299e-05;6.9125e-05;6.6186e-05;5.9555e-05;6.3279e-05;6.4758e-05;6.4647e-05;6.4814e-05;6.8077e-05;6.2945e-05;6.5213e-05;6.53e-05;6.7717e-05;7.8407e-05;7.4157e-05;5.4697e-05;4.0682e-05;3.0575e-05;2.8353e-05;3.1181e-05;4.2626e-05;4.8078e-05;5.9541e-05;6.2779e-05;6.1814e-05;6.2265e-05;6.5737e-05;6.7252e-05;6.6355e-05;6.3907e-05;5.9192e-05;5.5713e-05;6.1849e-05;5.7392e-05;6.2659e-05
M[2,2];0;0;0;0.3589;0.3025;15.78;3.4402e-06;3.7953e-06;3.7081e-06;1.5003e-06;0.0;5.4173e-07;2.1367e-06;1.702e-06;0.0;7.2466e-07;0.0;1.5271e-06;0.0;0.0;1.5007e-06;3.8553e-06;5.611e-06;3.3244e-06;3.9453e-06;6.1004e-06;9.7854e-06;1.4666e-05;3.1944e-05;9.8793e-05;0.00018387;0.00018537;0.000136;7.4119e-05;3.98e-05;3.4567e-05;2.9952e-05;3.128e-05;3.5779e-05;4.1454e-05;4.7884e-05;5.2267e-05;5.9409e-05;6.3906e-05;7.1503e-05;7.8942e-05;8.8037e-05;9.5029e-05;0.00010355;0.0001114;0.000118;0.00012951;0.00014076;0.00015432;0.00015957;0.00016819;0.00018208;0.00019438;0.00021563;0.00027795;0.00068249;0.0014174;0.0015907;0.0012879;0.0007113;0.00029951;0.00022509;0.00021989;0.00022473;0.00022391;0.00022245;0.00021917;0.00021624;0.00021289;0.0002082;0.00020832;0.00020715;0.00020345;0.00019983;0.00019566;0.00019031;0.00018877;0.00018376;0.00017921;0.00017475;0.00016934;0.00016535;0.00016076;0.00015845;0.00015238;0.00015074;0.00014636;0.00014192;0.00013777;0.00013255;0.00012616;0.00012263;0.00011766;0.00011304;0.00010959;0.00010302;9.9716e-05;9.6061e-05;9.2319e-05;9.0194e-05;9.0967e-05;9.5509e-05;0.00010356;0.00012325;0.00016075;0.00020879;0.00026231;0.00030861;0.00033817;0.00034196;0.00033178;0.00030911;0.0002848;0.00026044;0.0002347;0.00021147;0.00019218;0.0001759;0.00016018;0.00014328;0.00012039;9.6778e-05;7.6155e-05;6.1152e-05;5.2081e-05;4.4678e-05;3.8962e-05;3.5888e-05;3.3606e-05;3.2144e-05;3.1101e-05;3.0879e-05;3.0914e-05;2.8821e-05;2.7946e-05;2.6695e-05;2.5878e-05;2.466e-05;2.369e-05;2.2066e-05;2.1504e-05;2.1666e-05;2.0279e-05;1.8864e-05;1.9138e-05;1.9205e-05;1.9334e-05;1.8894e-05;1.8502e-05;1.8817e-05;1.9588e-05;2.0625e-05;2.4002e-05;2.9964e-05;3.7022e-05;4.4274e-05;4.6329e-05;5.9229e-05;8.7553e-05;0.00013692;0.00021547;0.00036551;0.00061308;0.00089111;0.0010871;0.0011919;0.0011905;0.0010352;0.00078116;0.000538;0.00037367;0.00030462;0.0002668;0.00022902;0.00018493;0.00013407;9.2033e-05;6.1523e-05;4.5063e-05;3.6674e-05;3.268e-05;3.0351e-05;2.9046e-05;2.7288e-05;2.682e-05;2.5944e-05;2.4637e-05;2.4397e-05;2.4677e-05;2.6591e-05;2.542e-05;2.6012e-05;2.8897e-05;3.1314e-05;3.579e-05;4.6287e-05;6.6797e-05;0.00010046;0.00013487;0.00017242;0.00020747;0.00023561;0.00025934;0.00028983;0.00032238;0.00034394;0.0003548;0.00038035;0.00040405;0.00039813;0.00035398;0.0002996;0.00027376;0.00027293;0.00026386;0.00022791;0.00018183;0.00014241;0.00013397;0.00014461;0.00015803;0.00015705;0.00013566;0.00010925;9.2512e-05;8.884e-05;9.503e-05;0.00011081;0.00014705;0.00026171;0.0005744;0.0010597;0.001474;0.0015286;0.0012541;0.0008963;0.00060915;0.00044027;0.00034134;0.00028852;0.00028144;0.0002902;0.00029062;0.00027345;0.00025132;0.00022598;0.00020418;0.00018738;0.00017597;0.0001798;0.00020737;0.00024225;0.00024866;0.00020898;0.00014792;9.4439e-05;6.811e-05;5.7825e-05;5.5207e-05;5.1076e-05;4.8728e-05;4.8135e-05;4.9027e-05;5.0327e-05;5.1799e-05;5.281e-05;5.3452e-05;5.3519e-05;5.3789e-05;6.0216e-05;7.4019e-05;8.7272e-05;8.9296e-05;8.0128e-05;6.794e-05;5.556e-05;4.864e-05;4.2641e-05;4.1724e-05;4.0203e-05;4.0369e-05;4.4194e-05;5.0796e-05;6.1167e-05;6.2047e-05;5.8854e-05;5.2679e-05;4.9143e-05;4.9857e-05;5.0477e-05;4.9123e-05;4.8177e-05;4.7344e-05;4.5479e-05;4.4481e-05;4.4113e-05;4.5972e-05;4.5788e-05;5.0149e-05;5.1857e-05;5.4146e-05;5.5246e-05;5.6044e-05;5.506e-05;5.2568e-05;5.2692e-05;5.3781e-05;6.5228e-05;7.6643e-05;8.0171e-05;7.2047e-05;5.9954e-05;5.4294e-05;6.3875e-05;7.3907e-05;7.5858e-05;6.7879e-05;5.6505e-05;4.8506e-05;4.8704e-05;4.7034e-05;5.1535e-05;5.4921e-05;6.2593e-05;7.6681e-05;0.0001084;0.0001669;0.00024263;0.00031217;0.00035468;0.0003362;0.00030544;0.00029456;0.0002813;0.0002443;0.00017494;0.00010697;7.0011e-05;5.7238e-05;4.9055e-05;4.8766e-05;5.0018e-05;5.2496e-05;5.1381e-05;5.1454e-05;4.9041e-05;5.0197e-05;5.1035e-05;4.985e-05;5.0717e-05;5.1381e-05;5.234e-05;5.2603e-05;5.3078e-05;5.8956e-05;5.6689e-05;5.7801e-05;5.855e-05;5.8698e-05;5.8064e-05;6.1071e-05;6.0415e-05;6.7112e-05;7.4942e-05;7.4161e-05;7.2304e-05;6.9214e-05;6.9325e-05;7.0434e-05;6.8561e-05;6.6755e-05;6.4361e-05;5.9672e-05;6.8284e-05;7.0493e-05;6.4126e-05;6.0489e-05;6.5873e-05;6.6595e-05;7.0155e-05;7.1412e-05;6.4131e-05;4.9852e-05;3.5432e-05;2.8094e-05;2.4283e-05;2.9794e-05;3.8369e-05;5.033e-05;5.7004e-05;6.0203e-05;6.4646e-05;6.9714e-05;6.8064e-05;6.3904e-05;6.117e-05;6.3261e-05;6.5637e-05;6.5313e-05;6.9141e-05;6.186e-05;5.9996e-05
M[2,3];0;0;0;0.3588;0.3178;20.538;3.7874e-07;1.7923e-06;2.162e-06;4.1974e-06;8.1885e-07;1.6723e-06;1.8444e-06;2.45e-06;2.5262e-07;8.2088e-07;1.9385e-06;1.0363e-06;1.8602e-07;1.8714e-07;9.4148e-08;3.0932e-06;3.8021e-06;3.7024e-06;5.5192e-06;6.1622e-06;8.3762e-06;1.405e-05;2.9911e-05;9.7214e-05;0.00017409;0.00018086;0.00013624;7.2445e-05;4.1356e-05;3.3601e-05;3.0337e-05;3.0738e-05;3.668e-05;4.1025e-05;5.0054e-05;5.5365e-05;6.1934e-05;7.1578e-05;7.6829e-05;8.468e-05;9.4835e-05;0.00010454;0.00011216;0.00011829;0.00013015;0.00014365;0.00015789;0.00017049;0.00017959;0.00018721;0.00020145;0.00021847;0.00024581;0.00031091;0.00076189;0.0015808;0.0017827;0.0014552;0.00081284;0.00034309;0.00026294;0.00025873;0.00026029;0.0002592;0.00026038;0.00025976;0.00025887;0.00025009;0.00025078;0.00025019;0.00025009;0.00024479;0.00024183;0.00023679;0.00023437;0.00023053;0.00022661;0.00021971;0.00021649;0.00021063;0.0002053;0.00020078;0.00019706;0.00019217;0.00018891;0.00018304;0.00018053;0.00017746;0.00016966;0.00016083;0.00015607;0.00015159;0.00014722;0.00014087;0.00013596;0.00013021;0.00012454;0.00012144;0.00012176;0.00011941;0.0001254;0.00013859;0.0001661;0.00021325;0.00027761;0.00035128;0.00041328;0.00045034;0.00045757;0.00044215;0.00041459;0.00038057;0.00034777;0.00031451;0.00028556;0.00025775;0.00023796;0.00021846;0.00019422;0.00016434;0.00012935;0.00010443;8.2736e-05;7.0362e-05;6.2011e-05;5.5454e-05;5.1113e-05;4.7376e-05;4.54e-05;4.32e-05;4.3361e-05;4.2737e-05;4.0847e-05;4.0319e-05;3.8987e-05;3.6603e-05;3.6127e-05;3.3935e-05;3.2163e-05;3.2218e-05;3.0502e-05;3.0355e-05;2.8072e-05;2.7551e-05;2.7984e-05;2.7667e-05;2.758e-05;2.7324e-05;2.7386e-05;2.7974e-05;2.894e-05;3.44e-05;4.2857e-05;5.2634e-05;5.9883e-05;6.5822e-05;8.3279e-05;0.00012405;0.00018872;0.00029738;0.00050185;0.00083939;0.0012125;0.0014771;0.0016246;0.0016275;0.0014099;0.0010703;0.00073967;0.00051351;0.0004183;0.00036602;0.00031464;0.00025257;0.00018569;0.00012783;8.7149e-05;6.2968e-05;5.0779e-05;4.5574e-05;4.1675e-05;3.9874e-05;3.8331e-05;3.7867e-05;3.5852e-05;3.4587e-05;3.3778e-05;3.3756e-05;3.6016e-05;3.5451e-05;3.6817e-05;3.9508e-05;4.3062e-05;4.8002e-05;5.9787e-05;8.7169e-05;0.00013082;0.00017609;0.00022176;0.00026611;0.00030022;0.00033186;0.00036687;0.00040547;0.00042923;0.00044395;0.00047391;0.00050043;0.00048765;0.00043262;0.00036987;0.00033409;0.00033242;0.00032168;0.00027804;0.00021931;0.00017437;0.00016161;0.00017552;0.00019176;0.00018814;0.000165;0.00013366;0.00011391;0.00010904;0.00011613;0.00013504;0.00018057;0.00031894;0.00070228;0.0012936;0.0017963;0.0018613;0.0015279;0.0010961;0.00074692;0.00054192;0.00041552;0.00035446;0.00034473;0.00035606;0.00035501;0.0003362;0.00030999;0.00027766;0.00025126;0.00022999;0.00021661;0.0002207;0.00025246;0.00029564;0.00030475;0.00025485;0.0001812;0.00011757;8.1959e-05;7.13e-05;6.6562e-05;6.3032e-05;6.0482e-05;5.9273e-05;5.9989e-05;6.1649e-05;6.303e-05;6.4329e-05;6.5137e-05;6.5065e-05;6.623e-05;7.5455e-05;9.1553e-05;0.00010711;0.00011003;9.9252e-05;8.4467e-05;7.0265e-05;5.8828e-05;5.2702e-05;5.0482e-05;5.0421e-05;5.0133e-05;5.3309e-05;6.2881e-05;7.4453e-05;7.8608e-05;7.2016e-05;6.5298e-05;6.1963e-05;6.2436e-05;6.2157e-05;6.1298e-05;5.888e-05;5.6987e-05;5.664e-05;5.5819e-05;5.4459e-05;5.6027e-05;5.5929e-05;5.9707e-05;6.1935e-05;6.5195e-05;6.7536e-05;6.6562e-05;6.6055e-05;6.3711e-05;5.9929e-05;6.3551e-05;7.6333e-05;9.0686e-05;9.3224e-05;8.4457e-05;7.0639e-05;6.4802e-05;7.2128e-05;8.5716e-05;8.9198e-05;7.8103e-05;6.4491e-05;5.6755e-05;5.4684e-05;5.4113e-05;5.7972e-05;6.0514e-05;7.103e-05;8.5632e-05;0.00011746;0.00018024;0.00026309;0.00033961;0.00038224;0.00036644;0.00032789;0.00031444;0.00030379;0.00025871;0.00019017;0.00011374;7.4605e-05;6.1095e-05;5.5212e-05;5.192e-05;5.2038e-05;5.5619e-05;5.5161e-05;5.4373e-05;5.4756e-05;5.3021e-05;5.2451e-05;5.2794e-05;5.5203e-05;5.2577e-05;5.3055e-05;5.4761e-05;5.4716e-05;5.9287e-05;6.0696e-05;5.8609e-05;5.848e-05;6.4839e-05;6.1753e-05;6.0225e-05;6.1751e-05;6.9127e-05;7.4989e-05;7.616e-05;7.4257e-05;7.05e-05;7.0266e-05;6.865e-05;6.8867e-05;6.7837e-05;6.7399e-05;6.7343e-05;6.6146e-05;6.6102e-05;6.3251e-05;6.4744e-05;6.5643e-05;6.8669e-05;7.1365e-05;7.0865e-05;6.3861e-05;4.8912e-05;3.5635e-05;2.4072e-05;2.8808e-05;3.2103e-05;4.2155e-05;5.1274e-05;5.821e-05;6.0652e-05;6.5209e-05;6.4139e-05;6.6008e-05;6.3372e-05;6.3451e-05;6.503e-05;6.5521e-05;6.5419e-05;5.6715e-05;6.5671e-05;6.6521e-05
M[2,4];0;0;0;0.3544;0.3396;29.801;0.0;2.0937e-06;2.244e-06;0.0;2.2025e-06;4.5635e-07;3.9175e-06;3.0028e-06;1.1693e-06;1.4616e-06;2.0411e-06;1.7447e-06;1.7539e-07;9.8431e-07;1.6557e-06;3.6447e-06;5.9469e-06;3.9353e-06;4.792e-06;7.1581e-06;1.227e-05;1.4995e-05;3.2657e-05;0.00010433;0.00019737;0.00019784;0.00014931;8.268e-05;4.497e-05;3.9054e-05;3.8391e-05;3.768e-05;4.4154e-05;4.9637e-05;5.9748e-05;6.552e-05;7.5964e-05;8.3409e-05;9.1901e-05;9.9301e-05;0.00010944;0.0001228;0.00013302;0.00014472;0.00015377;0.00017333;0.0001872;0.00020268;0.00021603;0.0002225;0.00024173;0.00026275;0.00029566;0.00037364;0.00090635;0.0018885;0.0021244;0.0017433;0.0009754;0.00041709;0.00032114;0.00032135;0.00032433;0.00032635;0.00032686;0.00032755;0.00032716;0.00032313;0.00032094;0.00031999;0.0003196;0.00031582;0.00031312;0.00031093;0.00030851;0.00030273;0.00029869;0.00029224;0.00028898;0.00028196;0.0002756;0.00027298;0.00026939;0.00026367;0.00025805;0.0002518;0.00024869;0.00024385;0.00023909;0.00022561;0.00021959;0.00021336;0.00020848;0.00020426;0.00019524;0.00018853;0.00018266;0.00017713;0.00017535;0.00018001;0.00018534;0.00020845;0.00024745;0.00031995;0.00041732;0.00053119;0.00062656;0.00068616;0.00069537;0.00067299;0.00063454;0.000587;0.00053453;0.00048697;0.00043996;0.00039737;0.00036568;0.00033669;0.00030048;0.00025588;0.00020302;0.00016134;0.00013198;0.00010924;9.5345e-05;8.7446e-05;8.0134e-05;7.4409e-05;7.2466e-05;7.1015e-05;7.0062e-05;6.8382e-05;6.6945e-05;6.606e-05;6.3565e-05;6.1741e-05;5.8227e-05;5.4772e-05;5.3442e-05;5.0735e-05;5.1055e-05;4.8693e-05;4.7834e-05;4.6931e-05;4.6382e-05;4.6257e-05;4.478e-05;4.5008e-05;4.6332e-05;4.5975e-05;4.8215e-05;5.6235e-05;6.9652e-05;8.5805e-05;9.6216e-05;0.00010596;0.00013187;0.00019477;0.00029621;0.00046664;0.00078896;0.0013136;0.0019027;0.0023345;0.0025593;0.0025573;0.0022166;0.0016823;0.0011703;0.00082014;0.00066045;0.00058025;0.00049989;0.00040388;0.00029991;0.00020386;0.00013793;0.0001001;8.0312e-05;7.1052e-05;6.6126e-05;6.1935e-05;6.0573e-05;5.6789e-05;5.5701e-05;5.1916e-05;5.058e-05;5.1308e-05;5.2146e-05;5.2661e-05;5.2577e-05;5.5553e-05;6.1487e-05;6.8504e-05;8.4224e-05;0.00012429;0.00018562;0.0002455;0.00031055;0.00037132;0.0004143;0.00045133;0.00049844;0.00054975;0.0005728;0.0005902;0.00062794;0.00065933;0.00064264;0.00056823;0.00048219;0.00043297;0.00043022;0.00041502;0.00035711;0.00028239;0.00022233;0.0002059;0.00022421;0.00024487;0.00024096;0.00020996;0.00016822;0.00014288;0.00013726;0.0001476;0.00017363;0.00023091;0.00041157;0.00090561;0.0016822;0.0023429;0.0024206;0.0019907;0.0014183;0.00097259;0.00070419;0.00053894;0.00046072;0.00044787;0.00046121;0.00046105;0.00043694;0.00039885;0.00036244;0.00032553;0.00029602;0.0002782;0.00028476;0.00032977;0.00038283;0.0003942;0.00032943;0.00023286;0.00015151;0.00010685;9.0928e-05;8.3363e-05;7.835e-05;7.6586e-05;7.4931e-05;7.6037e-05;7.7646e-05;7.9981e-05;8.2864e-05;8.2965e-05;8.334e-05;8.4926e-05;9.544e-05;0.00011691;0.00013846;0.0001427;0.00012811;0.00010865;8.8294e-05;7.5043e-05;6.8414e-05;6.6719e-05;6.5149e-05;6.3586e-05;6.7882e-05;8.1721e-05;9.6123e-05;0.00010001;9.4186e-05;8.3424e-05;7.8274e-05;7.8952e-05;8.0178e-05;7.803e-05;7.5285e-05;7.3067e-05;7.1105e-05;6.8583e-05;6.9083e-05;6.9281e-05;6.9629e-05;7.4923e-05;7.8439e-05;8.1098e-05;8.276e-05;8.3613e-05;8.1986e-05;7.6782e-05;7.5548e-05;7.7431e-05;9.3035e-05;0.00011059;0.00011367;0.00010068;8.3447e-05;7.3762e-05;8.6636e-05;0.00010032;0.00010178;9.1286e-05;7.4258e-05;6.3803e-05;6.1597e-05;6.1147e-05;6.2739e-05;6.8726e-05;7.7695e-05;9.4039e-05;0.0001305;0.00020534;0.00029571;0.00037548;0.0004246;0.00040885;0.0003632;0.00034591;0.00033286;0.00028814;0.0002045;0.00012348;7.9396e-05;6.4563e-05;5.415e-05;5.1537e-05;5.4715e-05;5.6912e-05;5.8102e-05;5.7379e-05;5.6266e-05;5.3801e-05;5.2865e-05;5.262e-05;5.3134e-05;5.2128e-05;5.3293e-05;5.5354e-05;5.4848e-05;5.8453e-05;6.1323e-05;6.0604e-05;5.8538e-05;6.0228e-05;6.17e-05;6.1904e-05;6.5295e-05;7.405e-05;7.6486e-05;7.5435e-05;7.5221e-05;7.0977e-05;7.0819e-05;6.9189e-05;6.7551e-05;6.8398e-05;6.665e-05;6.5809e-05;6.5538e-05;6.6563e-05;6.4954e-05;6.6331e-05;6.4352e-05;6.7094e-05;6.7217e-05;7.3032e-05;6.4969e-05;5.0871e-05;3.2807e-05;2.1036e-05;2.5889e-05;3.3034e-05;3.7884e-05;5.1096e-05;5.8436e-05;6.2564e-05;6.5377e-05;6.3945e-05;6.1262e-05;6.4066e-05;6.7047e-05;6.1097e-05;6.2036e-05;6.6953e-05;6.7109e-05;6.0847e-05;6.7571e-05
M[3,0];0;0;0;0.3733;0.2961;13.01;1.3542e-06;2.3794e-06;1.8358e-06;1.0552e-06;1.5913e-06;2.9705e-06;2.0852e-06;0.0;1.2158e-06;1.0307e-06;0.0;1.6661e-06;2.2862e-06;2.0125e-06;1.1097e-06;3.8739e-07;3.8918e-06;2.982e-06;4.9421e-06;6.0514e-06;9.3702e-06;1.3395e-05;3.0053e-05;9.5162e-05;0.00017179;0.00017548;0.00013086;7e-05;3.7216e-05;3.1371e-05;2.7686e-05;2.7274e-05;3.2658e-05;3.7392e-05;4.264e-05;4.6083e-05;5.2021e-05;5.9338e-05;6.5585e-05;7.1792e-05;7.6821e-05;8.2591e-05;8.9672e-05;9.7139e-05;0.00010382;0.00011266;0.00012535;0.00013374;0.00013714;0.0001485;0.00015544;0.00016541;0.00018638;0.00024009;0.00057938;0.00121;0.0013625;0.0011082;0.00061088;0.00025003;0.00018874;0.00018753;0.00018265;0.00018395;0.0001839;0.00018161;0.00017617;0.0001718;0.00017126;0.00016666;0.00016652;0.00016228;0.00015916;0.00015498;0.00015331;0.00015015;0.00014555;0.00014231;0.00013964;0.00013333;0.00013094;0.00012689;0.00012203;0.0001197;0.00011518;0.0001149;0.00011123;0.00010664;0.00010328;9.6762e-05;9.192e-05;8.9367e-05;8.5769e-05;8.2676e-05;7.8803e-05;7.5066e-05;7.1843e-05;6.9663e-05;6.8274e-05;6.9021e-05;7.0977e-05;7.6836e-05;9.0945e-05;0.00011808;0.00015406;0.00019556;0.00023176;0.00025082;0.00025289;0.00024418;0.00022919;0.00020924;0.00019321;0.00017235;0.00015595;0.0001414;0.000129;0.00011788;0.00010617;8.8589e-05;7.1277e-05;5.5792e-05;4.4553e-05;3.7368e-05;3.1834e-05;2.8095e-05;2.6845e-05;2.5126e-05;2.3092e-05;2.2652e-05;2.2709e-05;2.1762e-05;2.0981e-05;2.0419e-05;1.9103e-05;1.8956e-05;1.721e-05;1.7372e-05;1.4927e-05;1.5398e-05;1.5056e-05;1.4389e-05;1.4536e-05;1.4405e-05;1.3274e-05;1.4081e-05;1.4292e-05;1.3617e-05;1.3971e-05;1.4948e-05;1.5124e-05;1.754e-05;2.2827e-05;2.7123e-05;3.1597e-05;3.6351e-05;4.4472e-05;6.503e-05;0.00010201;0.00016171;0.0002735;0.00046213;0.00066667;0.00081945;0.00089995;0.00089709;0.00077655;0.00058472;0.00040607;0.0002823;0.00022855;0.00020089;0.00017307;0.00013829;0.00010295;7.0126e-05;4.6532e-05;3.4702e-05;2.739e-05;2.4586e-05;2.2747e-05;2.1731e-05;2.1685e-05;1.9209e-05;1.9998e-05;1.8449e-05;1.8379e-05;1.8857e-05;1.9753e-05;2.1346e-05;2.0845e-05;2.1899e-05;2.5756e-05;2.8556e-05;3.7459e-05;5.4921e-05;8.225e-05;0.00010986;0.00014237;0.00017334;0.00019689;0.0002181;0.00024824;0.00027591;0.00029386;0.0003089;0.00033361;0.00035669;0.00034862;0.00031219;0.00026714;0.00024549;0.00024602;0.0002383;0.00020698;0.00016439;0.00013103;0.0001215;0.00013213;0.00014552;0.00014336;0.00012618;0.00010274;8.5127e-05;8.2151e-05;8.9925e-05;0.0001024;0.00013736;0.00024385;0.00053767;0.00098909;0.001369;0.0014221;0.0011676;0.00083425;0.00056733;0.00041009;0.0003176;0.0002692;0.00026348;0.00027031;0.0002698;0.00025807;0.00023456;0.00021147;0.00019299;0.00017406;0.00016379;0.00016789;0.00019391;0.00022573;0.00023031;0.00019417;0.00013681;8.8242e-05;6.3613e-05;5.4362e-05;4.9615e-05;4.7403e-05;4.5722e-05;4.5269e-05;4.5057e-05;4.586e-05;4.8512e-05;4.89e-05;4.9326e-05;4.9584e-05;5.0114e-05;5.6693e-05;6.801e-05;8.171e-05;8.1354e-05;7.4675e-05;6.2791e-05;5.1861e-05;4.4262e-05;3.9955e-05;3.898e-05;3.8474e-05;3.6883e-05;3.9068e-05;4.6745e-05;5.4648e-05;5.8129e-05;5.4365e-05;4.8377e-05;4.6351e-05;4.6188e-05;4.8001e-05;4.6383e-05;4.5362e-05;4.4199e-05;4.2545e-05;4.1998e-05;4.2619e-05;4.1856e-05;4.2807e-05;4.6256e-05;4.8472e-05;5.0605e-05;5.1676e-05;5.1804e-05;5.158e-05;4.9613e-05;4.8354e-05;5.2173e-05;6.1769e-05;7.1532e-05;7.3967e-05;6.774e-05;5.703e-05;5.106e-05;5.9537e-05;6.9342e-05;7.2113e-05;6.4154e-05;5.3273e-05;4.7386e-05;4.5578e-05;4.5595e-05;4.7674e-05;5.2613e-05;5.945e-05;7.2796e-05;0.00010323;0.00015969;0.00023173;0.00029985;0.00033606;0.00032606;0.00029339;0.0002838;0.00027461;0.00023416;0.00017001;0.00010286;6.4898e-05;5.492e-05;4.865e-05;4.5276e-05;4.6423e-05;4.9738e-05;5.128e-05;4.7905e-05;4.7559e-05;4.7359e-05;4.723e-05;4.7805e-05;4.9206e-05;4.8622e-05;5.1011e-05;5.0355e-05;5.2289e-05;5.3715e-05;5.6283e-05;5.871e-05;5.9114e-05;5.8644e-05;5.9999e-05;6.143e-05;6.1192e-05;6.5918e-05;7.3408e-05;7.2375e-05;6.836e-05;6.916e-05;6.6203e-05;6.7187e-05;6.6168e-05;6.2414e-05;6.2232e-05;6.431e-05;6.4974e-05;6.1978e-05;5.973e-05;6.1704e-05;6.4661e-05;6.4175e-05;6.7973e-05;6.8098e-05;6.0475e-05;4.4464e-05;3.2063e-05;2.57e-05;2.614e-05;2.984e-05;3.7296e-05;4.7916e-05;5.5954e-05;6.0426e-05;6.6097e-05;6.7583e-05;6.4268e-05;6.5244e-05;6.3247e-05;5.9523e-05;6.0738e-05;6.0969e-05;5.865e-05;5.7498e-05;5.9934e-05
M[3,1];0;0;0;0.3769;0.2987;15.575;2.9102e-06;3.4297e-07;1.8134e-06;4.0915e-06;0.0;2.3567e-06;3.8207e-06;3.404e-06;2.153e-06;1.2841e-06;7.2153e-07;1.6702e-06;3.1343e-06;1.5576e-06;3.8234e-06;6.9203e-06;3.2491e-06;4.4729e-06;7.7588e-06;6.3104e-06;9.644e-06;1.6319e-05;3.4476e-05;0.00010771;0.00019743;0.00020136;0.00014693;7.9305e-05;4.5218e-05;3.5747e-05;2.9085e-05;3.0777e-05;3.4741e-05;4.1725e-05;4.9125e-05;5.47e-05;5.9407e-05;6.5862e-05;7.4991e-05;7.967e-05;8.7079e-05;9.6625e-05;0.00010177;0.00010979;0.00011915;0.00012787;0.00014347;0.00015274;0.00016092;0.00016696;0.00017644;0.00019097;0.00021493;0.00027441;0.00067942;0.001414;0.0015873;0.0012913;0.00071225;0.00029462;0.000216;0.00021527;0.0002143;0.00021276;0.00021461;0.00021029;0.00020793;0.00019903;0.00019698;0.00019539;0.00019275;0.00018919;0.000185;0.00018132;0.00017751;0.00017292;0.00016928;0.00016351;0.00016076;0.00015788;0.0001527;0.00014913;0.00014222;0.0001396;0.00013448;0.00013243;0.00012845;0.00012469;0.00011904;0.00011231;0.00010892;0.00010508;0.00010116;9.7581e-05;9.2881e-05;8.8149e-05;8.2908e-05;7.8347e-05;7.9039e-05;7.9688e-05;8.2794e-05;9.0789e-05;0.00010734;0.00013886;0.00018337;0.00023429;0.00027417;0.00030005;0.00030267;0.00028993;0.0002712;0.00025003;0.00022801;0.00020534;0.00018511;0.00016884;0.00015229;0.0001397;0.00012381;0.00010485;8.3039e-05;6.4274e-05;5.1161e-05;4.2735e-05;3.6816e-05;3.3864e-05;2.8517e-05;2.714e-05;2.6824e-05;2.6048e-05;2.5167e-05;2.3222e-05;2.3118e-05;2.2454e-05;2.1523e-05;2.123e-05;1.985e-05;1.849e-05;1.7389e-05;1.6482e-05;1.7067e-05;1.625e-05;1.5672e-05;1.5112e-05;1.5129e-05;1.5004e-05;1.4957e-05;1.4344e-05;1.4921e-05;1.5127e-05;1.5924e-05;1.8803e-05;2.5124e-05;3.1842e-05;3.6579e-05;4.0195e-05;5.1134e-05;7.6307e-05;0.00011937;0.00019189;0.00032826;0.0005505;0.00080188;0.00097747;0.0010762;0.0010749;0.00093628;0.00070917;0.00048809;0.00033772;0.00027379;0.00023994;0.00020546;0.00016314;0.00012057;8.2023e-05;5.4685e-05;3.9781e-05;3.1891e-05;2.7525e-05;2.4728e-05;2.365e-05;2.3184e-05;2.3186e-05;2.3101e-05;2.0915e-05;2.1191e-05;2.1081e-05;2.2577e-05;2.3443e-05;2.4748e-05;2.6597e-05;2.9175e-05;3.4475e-05;4.1805e-05;6.4426e-05;9.777e-05;0.00013207;0.0001697;0.00020799;0.00023608;0.00026506;0.00029728;0.00033255;0.00035312;0.00036892;0.00040067;0.00042927;0.00041963;0.0003761;0.00032107;0.00029389;0.0002946;0.00028432;0.00024989;0.00019658;0.00015656;0.00014533;0.00015944;0.00017502;0.00017153;0.00014991;0.00012152;0.00010214;9.7643e-05;0.00010625;0.00012363;0.00016314;0.00029379;0.00064985;0.0011972;0.0016679;0.0017321;0.0014221;0.0010131;0.00069145;0.0004999;0.00038498;0.00032856;0.00031661;0.00032716;0.00032649;0.00030963;0.00028239;0.00025732;0.00022959;0.00021038;0.00019755;0.00020339;0.00023483;0.0002722;0.00027927;0.00023752;0.00016635;0.00010664;7.6594e-05;6.3802e-05;5.8877e-05;5.6266e-05;5.3235e-05;5.296e-05;5.3022e-05;5.3986e-05;5.6886e-05;5.7721e-05;5.8634e-05;5.9133e-05;5.966e-05;6.6389e-05;8.0884e-05;9.5927e-05;9.9211e-05;9.0743e-05;7.6841e-05;6.0985e-05;5.185e-05;4.8574e-05;4.4731e-05;4.4819e-05;4.3919e-05;4.54e-05;5.5093e-05;6.5233e-05;6.8715e-05;6.4726e-05;5.8082e-05;5.4726e-05;5.4333e-05;5.475e-05;5.3479e-05;5.1914e-05;5.0645e-05;4.9881e-05;4.9628e-05;4.8626e-05;4.85e-05;5.0556e-05;5.225e-05;5.5531e-05;5.7915e-05;6.0068e-05;6.0288e-05;5.9245e-05;5.4778e-05;5.3656e-05;5.8353e-05;7.0405e-05;8.4595e-05;8.7927e-05;7.8214e-05;6.4939e-05;5.8091e-05;6.7658e-05;8.0391e-05;8.2844e-05;7.2669e-05;5.9796e-05;5.0288e-05;5.0495e-05;5.1793e-05;5.2347e-05;5.6362e-05;6.3944e-05;8.1402e-05;0.00011582;0.00017803;0.00026167;0.00034283;0.00038939;0.00036673;0.00033125;0.00032152;0.00030812;0.00026443;0.00019153;0.00011463;7.1988e-05;5.8889e-05;5.2766e-05;5.0217e-05;4.975e-05;5.1588e-05;5.4028e-05;5.4246e-05;5.2265e-05;4.9531e-05;5.0581e-05;5.1393e-05;4.9948e-05;5.0885e-05;5.3968e-05;5.3207e-05;5.3238e-05;5.6741e-05;5.5414e-05;5.6644e-05;5.4459e-05;5.8273e-05;5.8862e-05;5.9933e-05;6.6001e-05;6.8657e-05;7.1325e-05;7.5114e-05;7.2315e-05;6.9227e-05;6.8682e-05;6.7552e-05;6.5323e-05;6.5374e-05;6.4223e-05;6.4796e-05;6.5596e-05;6.1329e-05;6.346e-05;6.3748e-05;6.0704e-05;6.4725e-05;6.8179e-05;7.3463e-05;6.4505e-05;5.3503e-05;3.8226e-05;2.4294e-05;2.568e-05;2.8543e-05;4.186e-05;5.0528e-05;5.3747e-05;6.1581e-05;6.5786e-05;6.0943e-05;6.0264e-05;6.4824e-05;6.3086e-05;5.8777e-05;6.2681e-05;6.3288e-05;6.4117e-05;6.1214e-05;5.9972e-05
M[3,2];0;0;0;0.378;0.3082;18.514;8.6138e-07;2.0746e-06;8.4223e-07;3.2526e-06;5.0754e-06;2.3917e-06;1.0019e-06;0.0;0.0;1.2456e-06;1.1516e-06;0.0;2.976e-06;1.52e-06;8.2498e-07;1.8925e-06;3.4981e-06;3.8637e-06;6.6565e-06;6.8842e-06;1.1324e-05;1.7117e-05;3.5091e-05;0.00010876;0.00020076;0.00019988;0.0001485;8.2705e-05;4.5556e-05;3.7e-05;3.1237e-05;3.2636e-05;3.6236e-05;4.3923e-05;5.2222e-05;5.6523e-05;6.5342e-05;7.2449e-05;8.0407e-05;8.6244e-05;9.2916e-05;0.00010598;0.00011355;0.00012082;0.00012756;0.0001396;0.0001538;0.00016276;0.00017265;0.00017945;0.00019381;0.0002113;0.00023546;0.0002999;0.00072611;0.001518;0.0017037;0.0013857;0.00076888;0.00032048;0.00023987;0.00023879;0.00023712;0.00023758;0.0002371;0.00023261;0.00022946;0.00022485;0.00022434;0.0002188;0.00021774;0.00021518;0.0002089;0.00020615;0.00020304;0.00019694;0.00019528;0.00019111;0.00018438;0.00017997;0.00017453;0.00017109;0.00016752;0.00016247;0.00015773;0.00015527;0.00015278;0.00014599;0.00013865;0.0001336;0.00012749;0.00012427;0.00011914;0.00011764;0.00011219;0.00010711;0.00010282;9.8508e-05;9.4658e-05;9.7014e-05;9.8845e-05;0.00010997;0.00013141;0.00016921;0.00022223;0.00027909;0.00033113;0.00036053;0.00036206;0.00035102;0.00032956;0.00030414;0.0002752;0.00024965;0.0002245;0.00020151;0.00018593;0.00017218;0.00015098;0.0001276;0.00010274;7.9651e-05;6.4192e-05;5.3132e-05;4.6438e-05;4.0207e-05;3.704e-05;3.4344e-05;3.2938e-05;3.2983e-05;3.0755e-05;3.0753e-05;2.9312e-05;2.9571e-05;2.8067e-05;2.6411e-05;2.536e-05;2.478e-05;2.2577e-05;2.2183e-05;2.0938e-05;2.157e-05;2.0899e-05;2.0441e-05;1.9299e-05;1.9592e-05;2.0093e-05;1.9878e-05;1.9992e-05;2.0166e-05;2.1653e-05;2.4336e-05;3.1594e-05;3.905e-05;4.6207e-05;5.0262e-05;6.4155e-05;9.3884e-05;0.00014821;0.00023417;0.00040168;0.00067354;0.0009757;0.001193;0.0013123;0.0013151;0.0011418;0.00086381;0.00059937;0.00041499;0.00033782;0.00029584;0.00025456;0.00020228;0.00014853;0.00010199;6.9091e-05;5.0832e-05;4.0354e-05;3.599e-05;3.3045e-05;3.1907e-05;2.9864e-05;2.9724e-05;2.895e-05;2.794e-05;2.7469e-05;2.8405e-05;2.8131e-05;2.9682e-05;3.0397e-05;3.3451e-05;3.8029e-05;4.2958e-05;5.269e-05;7.8238e-05;0.0001166;0.00015892;0.00020248;0.0002459;0.00028065;0.00031176;0.00035079;0.00038978;0.00041149;0.00043192;0.00046484;0.00049619;0.00048445;0.00043405;0.00037016;0.00033993;0.00033902;0.00032925;0.00028549;0.00022676;0.00018227;0.00016936;0.000183;0.00020059;0.00019801;0.00017282;0.00014027;0.00011945;0.00011463;0.00012277;0.00014398;0.00019043;0.00033906;0.00074409;0.0013732;0.0019047;0.0019682;0.0016188;0.0011582;0.00079411;0.00057388;0.00044319;0.00037574;0.00036774;0.00037569;0.00037628;0.00035791;0.00032699;0.0002976;0.00026738;0.00024243;0.00022846;0.000234;0.00026998;0.00031462;0.00032254;0.00027117;0.00019182;0.00012454;8.8841e-05;7.5758e-05;7.0502e-05;6.6234e-05;6.3546e-05;6.3088e-05;6.3138e-05;6.3836e-05;6.7144e-05;6.961e-05;6.8875e-05;6.9744e-05;7.1987e-05;7.9828e-05;9.6356e-05;0.00011366;0.00011597;0.00010562;8.9067e-05;7.2234e-05;6.3586e-05;5.6606e-05;5.3945e-05;5.3987e-05;5.1954e-05;5.5863e-05;6.6407e-05;7.8503e-05;8.3611e-05;7.6333e-05;6.7597e-05;6.3564e-05;6.5054e-05;6.5171e-05;6.3755e-05;6.2793e-05;6.0244e-05;5.8053e-05;5.7343e-05;5.7001e-05;5.7742e-05;5.9347e-05;6.2487e-05;6.5762e-05;6.8676e-05;7.0638e-05;7.0182e-05;6.9647e-05;6.6105e-05;6.3028e-05;6.8069e-05;8.0106e-05;9.4984e-05;9.8366e-05;8.8372e-05;7.3097e-05;6.7474e-05;7.5678e-05;9.0626e-05;9.2353e-05;8.1634e-05;6.7347e-05;5.9042e-05;5.6634e-05;5.6495e-05;5.8549e-05;6.3897e-05;7.0523e-05;8.9895e-05;0.00012391;0.00019154;0.00027719;0.00035603;0.00040644;0.00038738;0.00034532;0.00033197;0.00031805;0.00027459;0.00019824;0.00011956;7.5412e-05;6.1674e-05;5.5237e-05;5.0698e-05;5.0851e-05;5.422e-05;5.7626e-05;5.7389e-05;5.2525e-05;5.603e-05;5.2413e-05;5.3468e-05;5.4944e-05;5.421e-05;5.3634e-05;5.7121e-05;5.8069e-05;5.886e-05;6.3834e-05;6.1013e-05;6.1104e-05;6.2549e-05;6.1267e-05;6.2067e-05;6.5886e-05;7.4418e-05;7.7248e-05;7.8845e-05;7.4775e-05;6.8812e-05;6.7364e-05;7.1231e-05;6.9857e-05;6.7394e-05;6.6385e-05;6.4289e-05;6.4357e-05;6.533e-05;6.5355e-05;6.4155e-05;6.5295e-05;6.9397e-05;7.2161e-05;7.4992e-05;6.9397e-05;5.2733e-05;3.5752e-05;2.5277e-05;2.7441e-05;3.0825e-05;4.2418e-05;5.1044e-05;5.8406e-05;6.4637e-05;6.7625e-05;6.4521e-05;6.5149e-05;6.337e-05;6.1814e-05;6.7531e-05;6.9538e-05;6.3101e-05;6.3833e-05;6.7983e-05;5.547e-05
M[3,3];0;0;0;0.3723;0.3294;25.271;0.0;4.6663e-07;2.8504e-06;5.4573e-06;3.3881e-06;0.0;6.0439e-07;2.5552e-06;1.6277e-06;5.1641e-07;4.1613e-06;3.7184e-06;6.0033e-07;2.9145e-07;1.211e-06;4.0564e-06;2.3978e-06;4.0021e-06;5.1329e-06;8.8913e-06;1.0349e-05;1.3214e-05;3.1523e-05;9.7459e-05;0.00018358;0.00018538;0.00014112;7.7573e-05;4.4e-05;3.7685e-05;3.5457e-05;3.4502e-05;4.0317e-05;4.8489e-05;5.4447e-05;6.0792e-05;6.8291e-05;7.6998e-05;8.2282e-05;9.1988e-05;0.0001008;0.00011226;0.00012386;0.0001316;0.00014059;0.00015447;0.00017366;0.00018304;0.00019439;0.00020202;0.00021772;0.00023524;0.00026432;0.00033919;0.00081947;0.0016984;0.0019039;0.001545;0.00085972;0.00036752;0.0002815;0.00028339;0.00028327;0.00028381;0.00028248;0.00028378;0.00028236;0.00027664;0.00027294;0.00027201;0.00027309;0.00027072;0.00026437;0.00026098;0.00025702;0.00025332;0.00024905;0.00024489;0.00023898;0.000234;0.00022829;0.0002239;0.00021958;0.00021386;0.00020996;0.00020683;0.00020249;0.0001988;0.00019072;0.00017994;0.00017645;0.00017123;0.00016627;0.00016154;0.00015422;0.00014795;0.00014318;0.00013908;0.00013647;0.00013852;0.00014424;0.00015876;0.00018945;0.00024516;0.00032125;0.00040652;0.00047613;0.0005227;0.00052783;0.00051123;0.00047664;0.00044117;0.00040497;0.00036629;0.00033119;0.00030056;0.00027482;0.00025216;0.00022372;0.00018939;0.00015189;0.0001185;9.8242e-05;8.1329e-05;7.0502e-05;6.3672e-05;6.0454e-05;5.5481e-05;5.2383e-05;5.2224e-05;5.0473e-05;4.9245e-05;4.8462e-05;4.6291e-05;4.5373e-05;4.4441e-05;4.1608e-05;3.9925e-05;3.8734e-05;3.6742e-05;3.6497e-05;3.5123e-05;3.4921e-05;3.4095e-05;3.3432e-05;3.3061e-05;3.2932e-05;3.3326e-05;3.2315e-05;3.2909e-05;3.5252e-05;4.1329e-05;5.2636e-05;6.2001e-05;7.3273e-05;8.0866e-05;0.00010188;0.00014672;0.00022886;0.00036041;0.00061171;0.0010206;0.0014732;0.001797;0.0019711;0.0019662;0.0016988;0.0012868;0.00088853;0.00061968;0.00050778;0.00044468;0.00038295;0.00030878;0.00022664;0.00015498;0.00010401;7.66e-05;6.2925e-05;5.5657e-05;5.2024e-05;5.0256e-05;4.7663e-05;4.5863e-05;4.5151e-05;4.2865e-05;4.2623e-05;4.2406e-05;4.4325e-05;4.4698e-05;4.676e-05;4.8786e-05;5.3947e-05;6.0906e-05;7.4445e-05;0.00011086;0.00016426;0.00021846;0.00027432;0.00033256;0.00037068;0.00040947;0.00045487;0.00050359;0.0005291;0.00054733;0.00058568;0.00061943;0.00060452;0.00053801;0.00045802;0.00041472;0.000415;0.00040127;0.00034592;0.00027502;0.0002173;0.00020322;0.000222;0.00024331;0.00023881;0.00020755;0.0001675;0.00014317;0.00013835;0.00014866;0.00017254;0.00023252;0.00041134;0.00090461;0.0016717;0.0023175;0.0023844;0.0019508;0.0013925;0.00095228;0.00069508;0.0005346;0.00045835;0.00044489;0.00045952;0.00045966;0.00043397;0.00039683;0.00035897;0.00032229;0.00029395;0.00027848;0.00028566;0.00032893;0.00038194;0.00039157;0.00032738;0.00023219;0.00015022;0.00010718;9.1431e-05;8.4072e-05;8.0821e-05;7.6934e-05;7.6368e-05;7.7113e-05;8.0187e-05;8.2089e-05;8.5137e-05;8.5846e-05;8.6482e-05;8.5832e-05;9.6835e-05;0.00011824;0.00014082;0.00014182;0.00012843;0.00010865;9.0853e-05;7.6876e-05;6.966e-05;6.7647e-05;6.566e-05;6.4898e-05;6.8766e-05;8.1822e-05;9.7166e-05;0.00010144;9.4177e-05;8.3889e-05;7.9229e-05;7.9756e-05;7.9388e-05;7.8859e-05;7.7813e-05;7.4695e-05;7.0929e-05;6.9977e-05;7.0376e-05;7.07e-05;7.2007e-05;7.6288e-05;7.9357e-05;8.1813e-05;8.3886e-05;8.2973e-05;8.134e-05;7.8782e-05;7.4982e-05;7.957e-05;9.3548e-05;0.00011083;0.00011376;0.00010212;8.3428e-05;7.6878e-05;8.4559e-05;0.00010152;0.00010198;8.9763e-05;7.5034e-05;6.3943e-05;6.2967e-05;6.0827e-05;6.467e-05;6.8051e-05;7.7186e-05;9.6063e-05;0.00013048;0.00020122;0.00029333;0.00037251;0.00042087;0.00039859;0.00035446;0.0003415;0.00032783;0.00028048;0.0002033;0.0001209;8.0302e-05;6.5746e-05;5.5888e-05;5.2884e-05;5.4992e-05;5.6285e-05;5.6924e-05;5.6965e-05;5.633e-05;5.3957e-05;5.3739e-05;5.3787e-05;5.4557e-05;5.372e-05;5.41e-05;5.7195e-05;5.9616e-05;5.9216e-05;6.1202e-05;6.2424e-05;6.1633e-05;6.4113e-05;6.4727e-05;6.2861e-05;6.6604e-05;7.139e-05;7.5085e-05;7.924e-05;7.7006e-05;7.2962e-05;7.0704e-05;7.0951e-05;6.8614e-05;6.7876e-05;6.7928e-05;6.5991e-05;6.7909e-05;6.799e-05;6.9803e-05;6.4276e-05;6.4444e-05;6.7733e-05;6.8167e-05;7.1013e-05;6.6265e-05;5.0299e-05;3.4982e-05;2.6147e-05;2.2963e-05;3.3568e-05;3.9092e-05;5.0453e-05;5.4297e-05;6.3054e-05;6.8072e-05;6.3995e-05;6.4601e-05;6.4085e-05;6.6293e-05;6.3232e-05;5.8504e-05;5.5463e-05;6.1379e-05;5.7246e-05;6.5573e-05
M[3,4];0;0;0;0.3716;0.3422;31.92;4.0794e-07;2.0534e-06;3.3017e-06;3.589e-06;1.7293e-06;0.0;2.4797e-06;1.6013e-07;0.0;0.0;0.0;1.7564e-06;1.996e-06;2.083e-06;2.3738e-06;2.7134e-06;6.3136e-06;4.7332e-06;5.8259e-06;5.634e-06;1.1553e-05;1.5703e-05;3.3194e-05;0.00010361;0.00019312;0.00019727;0.00014753;8.355e-05;4.5088e-05;3.8691e-05;3.7904e-05;3.7374e-05;4.183e-05;5.137e-05;5.8465e-05;6.4307e-05;7.4447e-05;8.2449e-05;9.2875e-05;0.00010176;0.00011384;0.00012412;0.00013724;0.0001431;0.00015646;0.0001746;0.00019127;0.00020472;0.00021561;0.0002282;0.00024474;0.00026442;0.00029861;0.00038008;0.00091822;0.0018855;0.0021268;0.0017385;0.00097411;0.00041934;0.00032104;0.00032159;0.00032433;0.00032639;0.00032675;0.00032712;0.00032362;0.00032122;0.00031973;0.00031672;0.00031906;0.00031545;0.00031065;0.00030842;0.00030494;0.00029742;0.00029655;0.00028961;0.00028534;0.00027782;0.00027415;0.0002682;0.00026331;0.00025786;0.00025299;0.00024844;0.00024482;0.00024213;0.000232;0.00022467;0.00021561;0.00020969;0.00020552;0.00019768;0.00019423;0.00018528;0.00017928;0.00017469;0.00017144;0.00017352;0.00018249;0.00020072;0.00024242;0.00031037;0.0004071;0.00051823;0.00061057;0.00066727;0.00067984;0.00065599;0.00061716;0.00057207;0.00051949;0.00047349;0.00042721;0.00038668;0.00035606;0.00032692;0.00029055;0.00024581;0.00019849;0.00015571;0.00012831;0.00010646;9.4782e-05;8.4753e-05;7.5938e-05;7.2487e-05;7.097e-05;6.9164e-05;6.8503e-05;6.6236e-05;6.4513e-05;6.3394e-05;6.1853e-05;6.0085e-05;5.6914e-05;5.4867e-05;5.1332e-05;4.9948e-05;4.8433e-05;4.801e-05;4.6975e-05;4.5296e-05;4.5495e-05;4.4374e-05;4.3846e-05;4.4618e-05;4.5008e-05;4.5449e-05;4.7468e-05;5.4101e-05;6.8878e-05;8.492e-05;9.5899e-05;0.0001062;0.00013248;0.0001933;0.00029574;0.0004697;0.00079653;0.001325;0.0019267;0.0023637;0.0025956;0.0025967;0.0022529;0.0017095;0.0011917;0.00083194;0.00067507;0.0005911;0.00050758;0.0004113;0.00030434;0.00020918;0.00014166;0.00010273;8.3905e-05;7.4533e-05;6.9029e-05;6.5032e-05;6.2298e-05;6.0449e-05;5.7442e-05;5.5618e-05;5.3883e-05;5.579e-05;5.69e-05;5.7475e-05;5.7428e-05;6.1829e-05;6.7026e-05;7.6343e-05;9.3464e-05;0.00013697;0.0002041;0.00027151;0.00034225;0.00041089;0.00045857;0.00050309;0.00055723;0.00061225;0.00064686;0.00066781;0.0007071;0.00074888;0.00072886;0.00064963;0.00055147;0.00049833;0.00049435;0.00047719;0.00041312;0.00032691;0.0002605;0.00024013;0.00026118;0.00028642;0.00028228;0.00024535;0.00020033;0.00016975;0.0001634;0.00017488;0.00020445;0.00027373;0.00048924;0.0010782;0.0019985;0.0027745;0.0028673;0.0023503;0.0016742;0.0011468;0.00083501;0.00064587;0.00054904;0.00053351;0.00054819;0.00054863;0.00052042;0.00047654;0.00042958;0.00038791;0.00035227;0.00033121;0.00033957;0.00039309;0.00045449;0.00047075;0.00039517;0.00027932;0.00017884;0.00012685;0.00010875;9.9129e-05;9.3776e-05;9.0408e-05;8.9921e-05;9.1325e-05;9.3237e-05;9.6589e-05;9.9414e-05;0.00010109;0.00010131;0.00010244;0.00011524;0.00014083;0.00016537;0.00017159;0.00015468;0.00013082;0.00010716;9.1177e-05;8.2125e-05;7.9461e-05;7.8423e-05;7.6837e-05;8.2063e-05;9.5927e-05;0.00011665;0.00012127;0.0001113;0.0001001;9.3511e-05;9.4683e-05;9.625e-05;9.5618e-05;9.1728e-05;8.6587e-05;8.4641e-05;8.334e-05;8.2897e-05;8.3335e-05;8.3911e-05;8.9161e-05;9.1533e-05;9.5776e-05;9.7128e-05;9.6557e-05;9.5492e-05;9.0312e-05;8.6069e-05;8.9959e-05;0.00010651;0.0001249;0.00012824;0.00011288;9.5053e-05;8.3752e-05;9.5643e-05;0.00011037;0.00011262;9.9894e-05;8.0263e-05;7.0801e-05;6.6646e-05;6.5299e-05;6.8895e-05;7.3055e-05;8.2384e-05;0.0001015;0.00014152;0.00022112;0.00031398;0.0004033;0.00045661;0.0004343;0.00038303;0.00036925;0.00035294;0.00030179;0.0002199;0.00013194;8.2015e-05;6.4864e-05;5.7094e-05;5.4903e-05;5.3904e-05;5.781e-05;6.0997e-05;6.0076e-05;5.7697e-05;5.721e-05;5.4134e-05;5.443e-05;5.5647e-05;5.6418e-05;5.6755e-05;5.8153e-05;6.2589e-05;6.0816e-05;6.5161e-05;6.1731e-05;6.2446e-05;6.6563e-05;6.4374e-05;6.7074e-05;6.9458e-05;7.4128e-05;8.1645e-05;7.8654e-05;8.0299e-05;7.4419e-05;7.4377e-05;7.4539e-05;7.3484e-05;7.1716e-05;6.9876e-05;6.4975e-05;6.9095e-05;6.9296e-05;6.7384e-05;6.5564e-05;6.8207e-05;6.7488e-05;7.3055e-05;7.4199e-05;6.6062e-05;4.9148e-05;3.5364e-05;2.6197e-05;2.4491e-05;3.3655e-05;4.2302e-05;4.881e-05;6.133e-05;6.5996e-05;7.1075e-05;6.7047e-05;6.4327e-05;6.5624e-05;7.0241e-05;6.8353e-05;6.4026e-05;6.4467e-05;5.8657e-05;6.6366e-05;6.0279e-05
M[4,0];0;0;0;0.3942;0.3023;12.469;3.6807e-06;2.1046e-06;0.0;0.0;2.8203e-06;2.9319e-06;0.0;1.2042e-06;2.4225e-06;8.6132e-07;1.9696e-08;5.9335e-07;0.0;2.038e-06;0.0;2.5051e-06;2.0012e-06;1.6383e-06;2.5435e-06;3.0756e-06;7.6908e-06;9.199e-06;2.3739e-05;7.9561e-05;0.00014125;0.00014516;0.00010919;5.8602e-05;3.226e-05;2.7969e-05;2.6122e-05;2.2925e-05;2.6183e-05;3.2546e-05;3.8863e-05;4.3248e-05;4.7192e-05;5.1739e-05;5.6946e-05;6.2662e-05;7.0112e-05;7.5159e-05;7.8844e-05;8.611e-05;9.1955e-05;9.8359e-05;0.00010812;0.00011578;0.00012275;0.00012648;0.00013496;0.00014421;0.00016315;0.00020333;0.00049611;0.0010277;0.0011606;0.00094302;0.00051928;0.00021756;0.00016585;0.00016302;0.00016062;0.00015948;0.00015956;0.00015624;0.00015325;0.00014913;0.00014614;0.00014553;0.00014515;0.00014004;0.000136;0.00013106;0.00013089;0.00013018;0.00012568;0.00012124;0.00012071;0.00011819;0.00011322;0.00011059;0.00010576;0.00010376;0.00010115;9.9107e-05;9.7343e-05;9.3385e-05;8.8652e-05;8.6424e-05;8.0622e-05;7.7939e-05;7.5915e-05;7.3485e-05;7.0451e-05;6.7638e-05;6.3059e-05;6.0493e-05;5.7894e-05;5.8414e-05;6.2235e-05;6.7461e-05;8.017e-05;0.00010129;0.00013202;0.0001675;0.00019581;0.00021502;0.00021616;0.00020939;0.00019629;0.00017958;0.00016505;0.00014828;0.00013311;0.00012114;0.00011196;0.00010219;8.9039e-05;7.5561e-05;6.0105e-05;4.8072e-05;3.9607e-05;3.2428e-05;2.7826e-05;2.6004e-05;2.4135e-05;2.2056e-05;2.0726e-05;2.0222e-05;1.9335e-05;1.9714e-05;1.8563e-05;1.8018e-05;1.7392e-05;1.6557e-05;1.5596e-05;1.5021e-05;1.4546e-05;1.3545e-05;1.3036e-05;1.3922e-05;1.2711e-05;1.2536e-05;1.2504e-05;1.2358e-05;1.1226e-05;1.2309e-05;1.2661e-05;1.3775e-05;1.4029e-05;1.5066e-05;2.0112e-05;2.4621e-05;2.8235e-05;3.2064e-05;4.0022e-05;5.7757e-05;8.7476e-05;0.00014149;0.00024077;0.00040474;0.00058714;0.0007204;0.00079348;0.00078975;0.00068542;0.00051994;0.00035712;0.00025057;0.0002029;0.00017859;0.00015273;0.00012274;9.0927e-05;6.2305e-05;4.1799e-05;3.1029e-05;2.4709e-05;2.3339e-05;2.1407e-05;2.0498e-05;1.9528e-05;1.9733e-05;1.9061e-05;1.817e-05;1.822e-05;1.8263e-05;1.9131e-05;2.0199e-05;2.0755e-05;2.2376e-05;2.4853e-05;2.871e-05;3.5519e-05;5.2512e-05;7.8094e-05;0.00010472;0.00013503;0.00016475;0.00019008;0.00021261;0.00023912;0.00026853;0.00028671;0.00030059;0.00032912;0.00035292;0.00034968;0.00031287;0.0002695;0.00024824;0.00024907;0.00024332;0.00021193;0.00016896;0.00013716;0.00012746;0.00013878;0.00015346;0.00015119;0.00013245;0.00010745;9.3281e-05;8.9652e-05;9.5592e-05;0.00011074;0.00014665;0.00025769;0.00056087;0.0010303;0.0014342;0.0014914;0.0012291;0.00087739;0.00059896;0.00043576;0.00033769;0.0002884;0.00027937;0.00028895;0.00028625;0.00027275;0.0002495;0.00022819;0.00020498;0.00018738;0.00017574;0.0001803;0.00020493;0.00023789;0.00024632;0.00020852;0.00014752;9.6646e-05;6.9277e-05;6.0249e-05;5.5092e-05;5.2741e-05;5.1203e-05;5.077e-05;5.0416e-05;5.1877e-05;5.3453e-05;5.5147e-05;5.6008e-05;5.5906e-05;5.6243e-05;6.2087e-05;7.289e-05;8.7951e-05;8.9728e-05;8.2134e-05;6.93e-05;5.6955e-05;4.9271e-05;4.3508e-05;4.2841e-05;4.1968e-05;4.1725e-05;4.3821e-05;5.1618e-05;6.2967e-05;6.3807e-05;5.9948e-05;5.371e-05;5.1178e-05;5.1365e-05;5.1942e-05;4.9982e-05;4.906e-05;4.8007e-05;4.6128e-05;4.6158e-05;4.5646e-05;4.5741e-05;4.7771e-05;5.0084e-05;5.1234e-05;5.4751e-05;5.6365e-05;5.6355e-05;5.6172e-05;5.3333e-05;5.2052e-05;5.364e-05;6.3783e-05;7.5042e-05;7.8765e-05;7.0436e-05;5.8964e-05;5.423e-05;6.1636e-05;7.2865e-05;7.5564e-05;6.7031e-05;5.6673e-05;4.9701e-05;4.9119e-05;4.8185e-05;4.8915e-05;5.448e-05;6.1774e-05;7.3048e-05;0.00010135;0.00015468;0.00022707;0.00029068;0.00032721;0.00031243;0.0002818;0.00027299;0.00026124;0.00022578;0.00016377;0.00010108;6.7057e-05;5.3095e-05;4.8872e-05;4.4795e-05;4.6512e-05;4.9156e-05;5.1255e-05;4.9357e-05;4.7354e-05;4.722e-05;4.8295e-05;4.5805e-05;4.8531e-05;4.6975e-05;4.8128e-05;5.0625e-05;5.2179e-05;5.2537e-05;5.4732e-05;5.6007e-05;5.5751e-05;5.5473e-05;5.3694e-05;5.59e-05;5.9027e-05;6.5259e-05;6.636e-05;6.8075e-05;6.5428e-05;6.2969e-05;6.492e-05;6.3536e-05;6.1163e-05;6.0724e-05;6.2873e-05;6.0356e-05;6.0734e-05;6.4477e-05;6.0465e-05;6.3021e-05;6.0084e-05;5.9865e-05;6.0983e-05;6.1003e-05;5.2754e-05;4.2731e-05;3.2572e-05;2.2031e-05;2.6064e-05;2.7357e-05;3.522e-05;4.3478e-05;5.1847e-05;5.773e-05;6.1766e-05;5.8398e-05;5.973e-05;6.3459e-05;6.2604e-05;6.2163e-05;5.5788e-05;5.579e-05;5.6231e-05;4.974e-05;6.5098e-05
M[4,1];0;0;0;0.3941;0.3033;15.079;2.8005e-08;4.1579e-06;6.6121e-06;4.1572e-06;2.2888e-06;0.0;0.0;2.1134e-06;0.0;1.8121e-06;1.1161e-06;0.0;0.0;2.0499e-07;1.7381e-06;3.0333e-06;2.5961e-06;4.8565e-06;5.0896e-06;5.0903e-06;8.1799e-06;1.5328e-05;2.8438e-05;9.6598e-05;0.00017124;0.00017508;0.00013153;7.2698e-05;3.6181e-05;3.3095e-05;2.6437e-05;3.049e-05;3.275e-05;3.8611e-05;4.5759e-05;4.9448e-05;5.3853e-05;6.3389e-05;6.672e-05;7.1674e-05;7.9929e-05;8.8181e-05;9.5308e-05;9.991e-05;0.0001076;0.00012144;0.00012802;0.00013637;0.0001444;0.0001521;0.00016131;0.00017252;0.00019454;0.00024577;0.00059787;0.0012458;0.0014033;0.0011366;0.00063335;0.00026349;0.00019438;0.00019081;0.00019225;0.00019043;0.00018463;0.00018664;0.00018291;0.00018014;0.00017521;0.00017641;0.00017223;0.00017103;0.00016551;0.00016158;0.00015534;0.00015643;0.00014904;0.00014592;0.00014221;0.00014;0.00013554;0.00013355;0.00012816;0.00012535;0.0001208;0.00011773;0.00011361;0.00011137;0.00010757;0.00010319;9.6853e-05;9.396e-05;8.9502e-05;8.7512e-05;8.3236e-05;7.8133e-05;7.4672e-05;7.1821e-05;7.047e-05;7.1214e-05;7.3115e-05;8.024e-05;9.5854e-05;0.00012337;0.00016037;0.00020271;0.0002408;0.00026457;0.00026603;0.00025419;0.0002406;0.00021953;0.00020024;0.00018109;0.00016306;0.00014666;0.00013525;0.00012501;0.00011085;9.3018e-05;7.3812e-05;5.6586e-05;4.7126e-05;3.9688e-05;3.4659e-05;3.0238e-05;2.7988e-05;2.504e-05;2.3949e-05;2.4513e-05;2.2986e-05;2.3409e-05;2.2459e-05;2.0903e-05;2.0327e-05;2.0297e-05;1.8734e-05;1.6891e-05;1.738e-05;1.6668e-05;1.5843e-05;1.5827e-05;1.4958e-05;1.3665e-05;1.4313e-05;1.4157e-05;1.3468e-05;1.4553e-05;1.4543e-05;1.5862e-05;1.5638e-05;1.74e-05;2.3027e-05;2.8619e-05;3.4302e-05;3.8974e-05;4.7361e-05;6.7853e-05;0.00010995;0.00017358;0.00029202;0.00049194;0.00071696;0.00087552;0.00096384;0.00096748;0.00084087;0.00063787;0.00044013;0.00030581;0.00024834;0.0002152;0.00018579;0.00015001;0.00011048;7.4889e-05;5.0265e-05;3.6315e-05;2.9546e-05;2.7068e-05;2.4951e-05;2.3446e-05;2.2649e-05;2.2451e-05;2.1142e-05;2.1696e-05;2.1141e-05;2.125e-05;2.2724e-05;2.4267e-05;2.4758e-05;2.6824e-05;3.0054e-05;3.4905e-05;4.3603e-05;6.3044e-05;9.4897e-05;0.00012723;0.00016492;0.00019914;0.00022844;0.0002551;0.00029;0.00032423;0.00034823;0.0003662;0.00039611;0.00042445;0.00041884;0.00037637;0.00032548;0.00029892;0.00029925;0.0002913;0.00025377;0.00020486;0.00016314;0.00015194;0.00016726;0.00018187;0.0001817;0.00015785;0.00012871;0.00010932;0.00010552;0.00011384;0.0001333;0.00017587;0.00031114;0.0006783;0.0012485;0.0017342;0.0017985;0.0014795;0.00106;0.00072603;0.0005262;0.00040632;0.00034572;0.00033747;0.00034645;0.00034365;0.0003293;0.00029998;0.00027279;0.00024425;0.00022563;0.00021207;0.00021687;0.00024932;0.0002901;0.00029633;0.00025051;0.00017686;0.00011408;8.1464e-05;7.16e-05;6.69e-05;6.1821e-05;5.9438e-05;5.875e-05;5.9854e-05;6.0219e-05;6.1698e-05;6.363e-05;6.5096e-05;6.532e-05;6.5832e-05;7.3294e-05;8.95e-05;0.00010305;0.00010676;9.8955e-05;8.2651e-05;6.7965e-05;5.8326e-05;5.2612e-05;5.0294e-05;4.9797e-05;4.8641e-05;5.2398e-05;6.1382e-05;7.2572e-05;7.6435e-05;7.1211e-05;6.4421e-05;5.9873e-05;6.0901e-05;6.0038e-05;6.007e-05;5.8393e-05;5.6618e-05;5.4733e-05;5.3083e-05;5.2694e-05;5.3661e-05;5.649e-05;5.8869e-05;6.1006e-05;6.3548e-05;6.4799e-05;6.4959e-05;6.4072e-05;6.1399e-05;5.9909e-05;6.1897e-05;7.2651e-05;8.7587e-05;9.1558e-05;8.3303e-05;6.8877e-05;6.21e-05;6.9362e-05;8.3741e-05;8.6319e-05;7.4907e-05;6.2392e-05;5.3736e-05;5.3622e-05;5.3538e-05;5.5079e-05;5.7522e-05;6.8424e-05;8.2721e-05;0.00011404;0.00017726;0.00025448;0.00033066;0.00037543;0.00035716;0.00032088;0.00030954;0.00029565;0.00025467;0.00018379;0.00010979;7.2553e-05;5.8971e-05;5.2072e-05;4.8754e-05;4.8219e-05;5.2699e-05;5.4996e-05;5.2982e-05;5.1399e-05;5.084e-05;5.0412e-05;4.9722e-05;5.1071e-05;5.1532e-05;5.4187e-05;5.4396e-05;5.5854e-05;5.8762e-05;5.6362e-05;5.7182e-05;5.4873e-05;5.728e-05;6.0727e-05;6.2692e-05;6.3456e-05;6.766e-05;7.2106e-05;7.175e-05;6.8601e-05;6.7318e-05;6.8611e-05;6.6633e-05;6.6298e-05;6.3995e-05;6.4391e-05;6.1574e-05;6.1345e-05;6.3723e-05;6.3483e-05;5.9771e-05;5.9615e-05;6.6675e-05;6.4482e-05;6.6304e-05;6.1296e-05;4.8271e-05;3.6064e-05;2.9117e-05;2.6311e-05;3.2516e-05;3.8217e-05;4.3821e-05;5.5417e-05;6.4064e-05;6.2014e-05;6.687e-05;6.6645e-05;6.0927e-05;5.9476e-05;6.233e-05;5.4228e-05;6.0278e-05;5.7102e-05;6.0377e-05;6.6161e-05
M[4,2];0;0;0;0.3938;0.3084;17.519;0.0;1.5368e-07;3.8884e-06;3.2248e-06;0.0;4.4e-07;1.741e-06;0.0;1.8083e-06;0.0;2.4301e-06;1.7511e-06;3.2288e-07;0.0;5.2928e-07;3.838e-06;1.2226e-06;2.2898e-06;5.3815e-06;5.6625e-06;9.3929e-06;1.5401e-05;3.0628e-05;0.00010186;0.00018812;0.00018538;0.00013855;7.5418e-05;4.2186e-05;3.5847e-05;3.2362e-05;3.1716e-05;3.5083e-05;4.0824e-05;4.7273e-05;5.2348e-05;5.9439e-05;6.403e-05;7.2893e-05;7.8317e-05;8.7476e-05;9.5785e-05;0.00010306;0.0001139;0.00011949;0.00012658;0.00014347;0.00015279;0.00016052;0.0001663;0.00017745;0.00019014;0.00021169;0.00027171;0.00066505;0.0013893;0.0015569;0.0012592;0.00069755;0.00028572;0.00021746;0.00021403;0.00021404;0.00021352;0.00021446;0.00020923;0.00020776;0.00020304;0.00019919;0.00019713;0.00019508;0.00019076;0.00018779;0.00018279;0.00017983;0.00017516;0.00017028;0.0001673;0.00016324;0.00015799;0.00015331;0.00015182;0.00014541;0.00014284;0.00013665;0.00013417;0.00013283;0.00012817;0.00012374;0.00011568;0.00011246;0.00010814;0.000104;0.00010002;9.5942e-05;9.1831e-05;8.6106e-05;8.4417e-05;8.2619e-05;8.2789e-05;8.6361e-05;9.4474e-05;0.00011404;0.00014601;0.00019223;0.00024235;0.00028449;0.00031179;0.00031365;0.00030195;0.00028126;0.0002607;0.00023531;0.0002166;0.00019263;0.00017405;0.00015962;0.00014582;0.00013021;0.00010875;8.7926e-05;6.9494e-05;5.6001e-05;4.6204e-05;3.8978e-05;3.3627e-05;3.2208e-05;2.9484e-05;2.8177e-05;2.8367e-05;2.8029e-05;2.6782e-05;2.5539e-05;2.4527e-05;2.3711e-05;2.4247e-05;2.115e-05;1.989e-05;2.0132e-05;1.8862e-05;1.8423e-05;1.6984e-05;1.7397e-05;1.6002e-05;1.7385e-05;1.5703e-05;1.6379e-05;1.6911e-05;1.7317e-05;1.6839e-05;1.7874e-05;2.1251e-05;2.7306e-05;3.4384e-05;4.037e-05;4.5009e-05;5.5025e-05;8.2639e-05;0.00012964;0.00020593;0.00035139;0.00059251;0.00086031;0.0010547;0.001156;0.001155;0.001001;0.00075527;0.00052162;0.00036313;0.00029426;0.00025772;0.00022339;0.00017677;0.00013052;8.8064e-05;6.0883e-05;4.3373e-05;3.5258e-05;3.1917e-05;2.8879e-05;2.8746e-05;2.7383e-05;2.5683e-05;2.6264e-05;2.5235e-05;2.506e-05;2.5448e-05;2.6011e-05;2.7517e-05;2.8277e-05;3.0053e-05;3.4117e-05;3.8164e-05;4.9477e-05;7.3118e-05;0.00011211;0.00015162;0.00019248;0.00023552;0.00026631;0.00029715;0.00033534;0.00037712;0.00040138;0.00041872;0.00045333;0.00048652;0.0004797;0.00042922;0.00036883;0.0003381;0.00034023;0.00033093;0.00028812;0.00023125;0.00018249;0.00017261;0.00018955;0.00020628;0.00020352;0.00017775;0.00014515;0.0001241;0.00011895;0.00012667;0.00014879;0.00019967;0.0003543;0.00077272;0.0014268;0.0019834;0.00205;0.0016827;0.0011948;0.00082085;0.00059611;0.00046142;0.00039228;0.000383;0.00039235;0.0003933;0.00037364;0.00034165;0.00030778;0.00027641;0.0002522;0.00023824;0.00024426;0.00028197;0.00032842;0.0003359;0.00028217;0.00019954;0.00012999;9.3196e-05;8.0453e-05;7.3001e-05;7.0104e-05;6.7141e-05;6.6452e-05;6.6278e-05;6.7851e-05;7.0223e-05;7.1822e-05;7.3828e-05;7.2967e-05;7.4023e-05;8.2127e-05;0.00010073;0.00011954;0.00012198;0.00011091;9.3656e-05;7.6578e-05;6.5142e-05;5.9521e-05;5.6758e-05;5.568e-05;5.5185e-05;5.8182e-05;6.8524e-05;8.158e-05;8.5914e-05;7.8773e-05;7.2027e-05;6.7173e-05;6.6185e-05;6.8914e-05;6.7284e-05;6.4338e-05;6.2193e-05;6.111e-05;6.0121e-05;6.0252e-05;5.9934e-05;6.0917e-05;6.3268e-05;6.7468e-05;7.0913e-05;7.1768e-05;7.3046e-05;7.1028e-05;6.8369e-05;6.4776e-05;6.8819e-05;8.2101e-05;9.6983e-05;0.00010042;8.9807e-05;7.4197e-05;6.6258e-05;7.6788e-05;9.0479e-05;9.3742e-05;8.174e-05;6.8289e-05;5.8845e-05;5.713e-05;5.7621e-05;5.8703e-05;6.46e-05;7.1767e-05;8.6916e-05;0.00012264;0.00018987;0.00027631;0.0003564;0.00040298;0.00038305;0.00033968;0.00032611;0.00031586;0.00027303;0.00019275;0.00011952;7.6036e-05;5.9663e-05;5.2677e-05;5.1353e-05;5.25e-05;5.4071e-05;5.4811e-05;5.3769e-05;5.2481e-05;5.3291e-05;5.3871e-05;5.2171e-05;5.2686e-05;5.2893e-05;5.3371e-05;5.4571e-05;5.632e-05;5.6362e-05;5.9461e-05;6.009e-05;5.8324e-05;6.0624e-05;5.9757e-05;6.0649e-05;6.549e-05;6.819e-05;7.2075e-05;7.687e-05;7.2246e-05;7.0232e-05;7.0539e-05;6.8043e-05;6.3844e-05;6.2501e-05;6.479e-05;6.7099e-05;6.5295e-05;6.3082e-05;6.4138e-05;6.4058e-05;6.2666e-05;6.4952e-05;6.7762e-05;7.1092e-05;6.2937e-05;4.7652e-05;3.4269e-05;2.6067e-05;2.7625e-05;3.3744e-05;3.7931e-05;4.7455e-05;5.3722e-05;6.2025e-05;6.9254e-05;6.3414e-05;6.292e-05;6.8309e-05;6.9347e-05;6.777e-05;5.6537e-05;6.1329e-05;5.3642e-05;5.7443e-05;6.0667e-05
M[4,3];0;0;0;0.3913;0.3167;22.329;3.1156e-06;0.0;0.0;5.8277e-06;1.8621e-07;4.3316e-07;3.16e-06;0.0;3.9001e-06;4.0574e-06;1.323e-06;1.1128e-06;3.9361e-07;6.2304e-07;1.4833e-06;2.2412e-06;3.0973e-06;6.1688e-06;6.8589e-06;6.2e-06;1.0431e-05;1.6915e-05;3.4797e-05;0.00010559;0.00019953;0.00020155;0.00015074;8.2995e-05;4.4991e-05;3.962e-05;3.5686e-05;3.6938e-05;4.0087e-05;4.6782e-05;5.4364e-05;5.7923e-05;6.5606e-05;7.6041e-05;8.4309e-05;9.0198e-05;9.8883e-05;0.00011175;0.00011884;0.00012794;0.00013925;0.0001488;0.00016319;0.00017618;0.00018832;0.00019712;0.00020789;0.00022824;0.0002519;0.00032146;0.00078328;0.0016319;0.0018308;0.001489;0.00083271;0.0003463;0.00025895;0.00025839;0.0002581;0.00025871;0.00025831;0.00025348;0.00025323;0.00024658;0.00024398;0.00024084;0.00023868;0.00023627;0.00023052;0.00022665;0.00022194;0.00021811;0.00021424;0.00021012;0.00020533;0.00019859;0.00019558;0.00019046;0.00018568;0.00018075;0.00017841;0.00017134;0.00016753;0.00016264;0.00015528;0.00015152;0.00014321;0.0001368;0.00013509;0.00013236;0.00012389;0.000118;0.00011243;0.00010965;0.00010898;0.00010942;0.00011277;0.00012425;0.00015062;0.00019166;0.00025008;0.00031774;0.00037447;0.00040759;0.00041422;0.00039912;0.00037544;0.00034374;0.00031353;0.00028432;0.00025539;0.00023247;0.00021137;0.00019406;0.00017293;0.00014415;0.00011661;9.1305e-05;7.2951e-05;6.2139e-05;5.4052e-05;4.8011e-05;4.2957e-05;3.9195e-05;3.8747e-05;3.8227e-05;3.6695e-05;3.5226e-05;3.4156e-05;3.3294e-05;3.1542e-05;3.1383e-05;2.9257e-05;2.7324e-05;2.7168e-05;2.5445e-05;2.5731e-05;2.4731e-05;2.4636e-05;2.4178e-05;2.2635e-05;2.3708e-05;2.2827e-05;2.2539e-05;2.261e-05;2.3679e-05;2.4281e-05;2.836e-05;3.7381e-05;4.6987e-05;5.3491e-05;5.931e-05;7.5371e-05;0.00011057;0.00017398;0.00027542;0.00046896;0.00078918;0.0011385;0.0013988;0.0015402;0.0015383;0.0013409;0.00102;0.00070271;0.00048681;0.00039645;0.00034649;0.00029751;0.00024055;0.00017744;0.00012149;7.9166e-05;5.9476e-05;4.7663e-05;4.1853e-05;3.9857e-05;3.7848e-05;3.683e-05;3.5675e-05;3.4664e-05;3.365e-05;3.3704e-05;3.4951e-05;3.4654e-05;3.6042e-05;3.725e-05;3.9468e-05;4.5197e-05;5.1242e-05;6.3896e-05;9.5283e-05;0.00014394;0.00019346;0.00024656;0.00029731;0.00033826;0.00037644;0.00042187;0.0004735;0.00049827;0.00052574;0.00056445;0.00060029;0.00058963;0.00052758;0.00045371;0.00041479;0.00041409;0.00040275;0.00035296;0.00028063;0.00022299;0.00020828;0.00022818;0.00024984;0.00024688;0.00021395;0.000176;0.00014925;0.00014426;0.00015503;0.00017964;0.00024033;0.00042734;0.00093501;0.0017283;0.002401;0.0024837;0.0020454;0.0014592;0.001002;0.00072963;0.00056045;0.00047986;0.00046316;0.0004774;0.00047633;0.00045352;0.00041477;0.00037504;0.00033855;0.00030802;0.00029112;0.00029768;0.00034335;0.00039886;0.00040927;0.00034691;0.00024475;0.00015719;0.00011113;9.5984e-05;8.9636e-05;8.5805e-05;8.1373e-05;7.9981e-05;8.0492e-05;8.2977e-05;8.3846e-05;8.7619e-05;8.8938e-05;8.8689e-05;9.0319e-05;0.00010107;0.00012218;0.00014443;0.00014788;0.00013379;0.00011269;9.2613e-05;7.9342e-05;7.303e-05;6.983e-05;6.8955e-05;6.6605e-05;7.1587e-05;8.4352e-05;0.00010014;0.00010451;9.7225e-05;8.7446e-05;8.221e-05;8.2267e-05;8.3354e-05;8.1121e-05;7.8599e-05;7.6542e-05;7.483e-05;7.3784e-05;7.2291e-05;7.171e-05;7.3403e-05;7.6704e-05;8.261e-05;8.4311e-05;8.4801e-05;8.491e-05;8.4975e-05;8.0332e-05;7.6702e-05;8.2439e-05;9.826e-05;0.00011369;0.00011743;0.00010424;8.8441e-05;7.9325e-05;8.925e-05;0.00010497;0.00010625;9.476e-05;7.7389e-05;6.6482e-05;6.24e-05;6.3365e-05;6.5261e-05;7.0827e-05;8.0782e-05;9.9438e-05;0.0001389;0.00021267;0.00030827;0.00039192;0.00044712;0.00042653;0.00037923;0.00036498;0.00034716;0.0003018;0.00021324;0.00012836;8.1544e-05;6.8241e-05;6.1141e-05;5.6046e-05;5.5171e-05;5.8332e-05;6.0058e-05;6.0861e-05;5.918e-05;5.6059e-05;5.7119e-05;5.6714e-05;5.5658e-05;5.7229e-05;5.7224e-05;5.8256e-05;5.9851e-05;6.4201e-05;6.4252e-05;6.4033e-05;6.2882e-05;6.3916e-05;6.2396e-05;6.3661e-05;6.774e-05;7.2097e-05;7.5924e-05;7.7598e-05;7.6336e-05;7.1973e-05;7.2471e-05;7.2669e-05;7.0666e-05;6.7188e-05;6.7502e-05;6.8792e-05;6.966e-05;6.6901e-05;6.5221e-05;6.5425e-05;6.9466e-05;6.8132e-05;6.9294e-05;7.6113e-05;6.6223e-05;4.9508e-05;3.5113e-05;3.1055e-05;2.5117e-05;3.4186e-05;4.1928e-05;4.3613e-05;5.4099e-05;6.2531e-05;6.8251e-05;7.3413e-05;6.7512e-05;6.4082e-05;6.4337e-05;6.3538e-05;6.2893e-05;7.1829e-05;5.8244e-05;6.8156e-05;6.0042e-05
M[4,4];0;0;0;0.3844;0.3375;30.909;6.8172e-07;3.8135e-06;3.7625e-06;5.1928e-06;4.8312e-06;1.7209e-06;3.294e-06;3.1844e-06;0.0;3.7083e-06;3.7566e-07;1.4656e-06;0.0;1.0923e-06;2.3574e-06;5.6512e-06;3.7248e-06;5.397e-06;6.8279e-06;6.8219e-06;1.132e-05;1.669e-05;3.4978e-05;0.00010771;0.00020506;0.00020789;0.0001552;8.6796e-05;4.6816e-05;4.1422e-05;3.7631e-05;3.9757e-05;4.431e-05;5.342e-05;6.2127e-05;6.5878e-05;7.4671e-05;8.4711e-05;9.1802e-05;9.9455e-05;0.0001089;0.00012422;0.00013492;0.00014424;0.00015481;0.00017343;0.0001896;0.00020314;0.00021209;0.00022267;0.00024229;0.0002589;0.00029058;0.0003717;0.00089639;0.0018502;0.0020782;0.0017059;0.00095571;0.00040659;0.00031216;0.00030802;0.00031235;0.0003137;0.00031457;0.0003127;0.00031081;0.00030832;0.00030407;0.00030259;0.00030195;0.00030283;0.00029254;0.00029136;0.00028695;0.00028263;0.00027845;0.00027227;0.00026774;0.00026116;0.00025672;0.00025278;0.00024584;0.00024242;0.00023762;0.00023157;0.00022636;0.00022145;0.00021393;0.00020717;0.00019784;0.00019188;0.00018703;0.00018241;0.00017662;0.00016815;0.00016105;0.00015706;0.00015686;0.00015812;0.00016519;0.00018154;0.00021714;0.00028111;0.00036673;0.00046813;0.00055375;0.00060224;0.00061172;0.00059086;0.00055615;0.00051565;0.00046365;0.0004253;0.00038296;0.00034678;0.0003185;0.00029281;0.00026353;0.00022124;0.00017732;0.00014027;0.00011294;9.452e-05;8.3221e-05;7.4566e-05;6.8762e-05;6.347e-05;6.001e-05;5.9002e-05;5.8769e-05;5.8056e-05;5.6857e-05;5.5393e-05;5.3618e-05;5.1326e-05;4.8739e-05;4.6622e-05;4.5008e-05;4.2946e-05;4.3098e-05;4.1294e-05;4.1409e-05;4.0108e-05;3.8777e-05;3.8161e-05;3.8286e-05;3.8114e-05;3.8603e-05;3.8342e-05;4.1594e-05;4.7682e-05;6.0806e-05;7.5005e-05;8.4691e-05;9.4196e-05;0.0001183;0.00017219;0.00026656;0.00042789;0.00072312;0.0012055;0.0017394;0.0021485;0.0023653;0.0023657;0.0020544;0.0015659;0.0010849;0.00075531;0.00061199;0.0005368;0.00046097;0.00037391;0.00027496;0.00018945;0.00012797;9.4371e-05;7.5661e-05;6.6991e-05;6.2389e-05;6.001e-05;5.7606e-05;5.6876e-05;5.4694e-05;5.2001e-05;5.1265e-05;5.2275e-05;5.3287e-05;5.3968e-05;5.5574e-05;5.8922e-05;6.5324e-05;7.4039e-05;9.1629e-05;0.00013449;0.00020046;0.00026639;0.00033801;0.00040505;0.00045648;0.0005017;0.00055949;0.000619;0.00065134;0.0006763;0.00071841;0.00076569;0.00075105;0.00066463;0.00056888;0.00051706;0.00051278;0.00049651;0.00043186;0.00034324;0.00027386;0.00025412;0.00027725;0.00030474;0.00029971;0.00026225;0.00021141;0.00017982;0.00017489;0.00018735;0.0002181;0.00029268;0.00052089;0.0011415;0.0021287;0.0029514;0.0030482;0.0025063;0.0017927;0.0012235;0.0008927;0.00068892;0.00058841;0.00057114;0.00058693;0.00058747;0.00055667;0.00051029;0.00046134;0.00041316;0.00037998;0.00035509;0.00036585;0.00041846;0.00048806;0.00050182;0.00042044;0.00029901;0.00019279;0.00013624;0.00011883;0.00010813;0.00010227;9.8177e-05;9.6527e-05;9.6988e-05;0.0001006;0.00010413;0.00010656;0.00010821;0.00010849;0.00011099;0.0001239;0.00014996;0.00017864;0.00018363;0.00016634;0.00014121;0.00011653;9.8563e-05;8.9132e-05;8.4089e-05;8.4476e-05;8.3189e-05;8.8261e-05;0.0001048;0.00012515;0.00012853;0.00012138;0.00010688;0.00010182;0.00010137;0.00010155;0.00010049;9.6496e-05;9.4168e-05;9.0867e-05;8.7914e-05;8.8247e-05;8.8387e-05;8.9933e-05;9.3803e-05;9.8074e-05;0.0001022;0.00010411;0.00010304;0.00010108;9.3898e-05;8.9822e-05;9.6151e-05;0.00011321;0.0001309;0.00013471;0.00012091;9.9865e-05;8.9324e-05;0.00010063;0.00011519;0.0001186;0.00010514;8.6156e-05;7.3752e-05;6.8793e-05;7.068e-05;7.0946e-05;7.7061e-05;8.7082e-05;0.0001058;0.00014756;0.00022258;0.00032487;0.00041228;0.00046752;0.00044626;0.00039556;0.00038033;0.00035853;0.00030664;0.00022116;0.00013364;8.478e-05;6.5879e-05;5.979e-05;5.6549e-05;5.7286e-05;5.8859e-05;6.1342e-05;5.9391e-05;5.8518e-05;5.7669e-05;5.5017e-05;5.675e-05;5.8159e-05;5.8433e-05;5.7795e-05;5.9273e-05;6.1788e-05;6.3943e-05;6.3621e-05;6.1364e-05;6.5273e-05;6.4015e-05;6.5207e-05;6.6597e-05;7.0867e-05;7.3142e-05;7.845e-05;8.1277e-05;7.7312e-05;7.4526e-05;7.1665e-05;7.0823e-05;6.9947e-05;7.074e-05;6.8558e-05;6.741e-05;7.119e-05;6.3903e-05;6.7529e-05;6.367e-05;6.4693e-05;6.8631e-05;6.9498e-05;7.3012e-05;6.6845e-05;5.1234e-05;2.8964e-05;2.3555e-05;2.6273e-05;2.8672e-05;4.1196e-05;4.4962e-05;5.6758e-05;6.1255e-05;6.5313e-05;6.4086e-05;6.1818e-05;6.2777e-05;6.7643e-05;6.5227e-05;5.6599e-05;6.3964e-05;6.3386e-05;6.1419e-05;5.3582e-05
